generated_id,raw_exam_name,raw_unit,raw_method,source,version
LAB_000001,T1U01S0S1 012,CONSULTA EM CONSULTÓRIO (NO HORÁRIO NORMAL OU PREESTABELECIDO),,Tabela_laboratorios.pdf,labs_v1
LAB_000002,10101039,CONSULTA EM PRONTO SOCORRO,,Tabela_laboratorios.pdf,labs_v1
LAB_000003,40301010,"3-METIL HISTIDINA, PESQUISA E/OU DOSAGEM NO SORO",,Tabela_laboratorios.pdf,labs_v1
LAB_000004,40301028,5-NUCLEOTIDASE - PESQUISA E/OU DOSAGEM,,Tabela_laboratorios.pdf,labs_v1
LAB_000005,40301036,ACETAMINOFEN - PESQUISA E/OU DOSAGEM,,Tabela_laboratorios.pdf,labs_v1
LAB_000006,40301044,"ACETILCOLINESTERASE, EM ERITRÓCITOS - PESQUISA E/OU DOSAGEM",,Tabela_laboratorios.pdf,labs_v1
LAB_000007,40301060,ÁCIDO ASCÓRBICO (VITAMINA C) - PESQUISA E/OU DOSAGEM,,Tabela_laboratorios.pdf,labs_v1
LAB_000008,40301087,"ÁCIDO FÓLICO, PESQUISA E/OU DOSAGEM NOS ERITRÓCITOS",,Tabela_laboratorios.pdf,labs_v1
LAB_000009,40301109,ÁCIDO LÁCTICO (LACTATO) - PESQUISA E/OU DOSAGEM,,Tabela_laboratorios.pdf,labs_v1
LAB_000010,40301117,ÁCIDO ORÓTICO - PESQUISA E/OU DOSAGEM,,Tabela_laboratorios.pdf,labs_v1
LAB_000011,40301125,ÁCIDO OXÁLICO - PESQUISA E/OU DOSAGEM,,Tabela_laboratorios.pdf,labs_v1
LAB_000012,40301133,ÁCIDO PIRÚVICO - PESQUISA E/OU DOSAGEM,,Tabela_laboratorios.pdf,labs_v1
LAB_000013,40301141,ÁCIDO SIÁLICO - PESQUISA E/OU DOSAGEM,,Tabela_laboratorios.pdf,labs_v1
LAB_000014,40301150,ÁCIDO ÚRICO - PESQUISA E/OU DOSAGEM,,Tabela_laboratorios.pdf,labs_v1
LAB_000015,40301168,ÁCIDO VALPRÓICO - PESQUISA E/OU DOSAGEM,,Tabela_laboratorios.pdf,labs_v1
LAB_000016,40301184,ÁCIDOS GRAXOS LIVRES - PESQUISA E/OU DOSAGEM,,Tabela_laboratorios.pdf,labs_v1
LAB_000017,40301192,ÁCIDOS ORGÂNICOS (PERFIL QUANTITATIVO),,Tabela_laboratorios.pdf,labs_v1
LAB_000018,40301222,ALBUMINA - PESQUISA E/OU DOSAGEM,,Tabela_laboratorios.pdf,labs_v1
LAB_000019,40301230,ALDOLASE - PESQUISA E/OU DOSAGEM,,Tabela_laboratorios.pdf,labs_v1
LAB_000020,40301249,"ALFA-1-ANTITRIPSINA, PESQUISA E/OU DOSAGEM NO SORO",,Tabela_laboratorios.pdf,labs_v1
LAB_000021,40301257,ALFA-1-GLICOPROTEÍNA ÁCIDA - PESQUISA E/OU DOSAGEM,,Tabela_laboratorios.pdf,labs_v1
LAB_000022,40301265,ALFA-2-MACROGLOBULINA - PESQUISA E/OU DOSAGEM,,Tabela_laboratorios.pdf,labs_v1
LAB_000023,40301273,"ALUMÍNIO, PESQUISA E/OU DOSAGEM NO SORO",,Tabela_laboratorios.pdf,labs_v1
LAB_000024,40301281,AMILASE - PESQUISA E/OU DOSAGEM,,Tabela_laboratorios.pdf,labs_v1
LAB_000025,40301290,"AMINOÁCIDOS, FRACIONAMENTO E QUANTIFICAÇÃO",,Tabela_laboratorios.pdf,labs_v1
LAB_000026,40301303,AMIODARONA - PESQUISA E/OU DOSAGEM,,Tabela_laboratorios.pdf,labs_v1
LAB_000027,40301311,"AMITRIPTILINA, NORTRIPTILINA (CADA) - PESQUISA E/OU DOSAGEM",,Tabela_laboratorios.pdf,labs_v1
LAB_000028,40301320,AMÔNIA - PESQUISA E/OU DOSAGEM,,Tabela_laboratorios.pdf,labs_v1
LAB_000029,40301354,APOLIPOPROTEÍNA A (APO A) - PESQUISA E/OU DOSAGEM,,Tabela_laboratorios.pdf,labs_v1
LAB_000030,40301362,APOLIPOPROTEÍNA B (APO B) - PESQUISA E/OU DOSAGEM,,Tabela_laboratorios.pdf,labs_v1
LAB_000031,40301370,"BARBITÚRICOS, ANTIDEPRESSIVOS TRICÍCLICOS (CADA) - PESQUISA E/OU DOSAGEM",,Tabela_laboratorios.pdf,labs_v1
LAB_000032,40301389,BETA-GLICURONIDASE - PESQUISA E/OU DOSAGEM,,Tabela_laboratorios.pdf,labs_v1
LAB_000033,40301397,"BILIRRUBINAS (DIRETA, INDIRETA E TOTAL) - PESQUISA E/OU DOSAGEM",,Tabela_laboratorios.pdf,labs_v1
LAB_000034,40301400,CÁLCIO - PESQUISA E/OU DOSAGEM,,Tabela_laboratorios.pdf,labs_v1
LAB_000035,40301419,CÁLCIO IÔNICO - PESQUISA E/OU DOSAGEM,,Tabela_laboratorios.pdf,labs_v1
LAB_000036,40301427,CAPACIDADE DE FIXAÇÃO DE FERRO - PESQUISA E/OU DOSAGEM,,Tabela_laboratorios.pdf,labs_v1
LAB_000037,40301435,CARBAMAZEPINA - PESQUISA E/OU DOSAGEM,,Tabela_laboratorios.pdf,labs_v1
LAB_000038,40301460,CAROTENO - PESQUISA E/OU DOSAGEM,,Tabela_laboratorios.pdf,labs_v1
LAB_000039,40301478,CERULOPLASMINA - PESQUISA E/OU DOSAGEM,,Tabela_laboratorios.pdf,labs_v1
LAB_000040,40301486,"CICLOSPORINA, METHOTREXATE - CADA - PESQUISA E/OU DOSAGEM",,Tabela_laboratorios.pdf,labs_v1
LAB_000041,40301494,CLEARANCE DE ÁCIDO ÚRICO,,Tabela_laboratorios.pdf,labs_v1
LAB_000042,40301508,CLEARANCE DE CREATININA,,Tabela_laboratorios.pdf,labs_v1
LAB_000043,40301516,CLEARANCE DE FOSFATO,,Tabela_laboratorios.pdf,labs_v1
LAB_000044,40301524,CLEARANCE DE URÉIA,,Tabela_laboratorios.pdf,labs_v1
LAB_000045,40301540,CLOMIPRAMINA - PESQUISA E/OU DOSAGEM,,Tabela_laboratorios.pdf,labs_v1
LAB_000046,40301559,CLORO - PESQUISA E/OU DOSAGEM,,Tabela_laboratorios.pdf,labs_v1
LAB_000047,40301567,COBRE - PESQUISA E/OU DOSAGEM,,Tabela_laboratorios.pdf,labs_v1
LAB_000048,40301583,COLESTEROL (HDL) - PESQUISA E/OU DOSAGEM,,Tabela_laboratorios.pdf,labs_v1
LAB_000049,40301591,COLESTEROL (LDL) - PESQUISA E/OU DOSAGEM,,Tabela_laboratorios.pdf,labs_v1
LAB_000050,40301605,COLESTEROL TOTAL - PESQUISA E/OU DOSAGEM,,Tabela_laboratorios.pdf,labs_v1
LAB_000051,40301621,CREATINA - PESQUISA E/OU DOSAGEM,,Tabela_laboratorios.pdf,labs_v1
LAB_000052,40301630,CREATININA - PESQUISA E/OU DOSAGEM,,Tabela_laboratorios.pdf,labs_v1
LAB_000053,40301648,CREATINO FOSFOQUINASE TOTAL (CK) - PESQUISA E/OU DOSAGEM,,Tabela_laboratorios.pdf,labs_v1
LAB_000054,T4U03S0S1 656,CREATINO FOSFOQUINASE - FRAÇÃO MB - MASSA - PESQUISA E/OU DOSAGEM,,Tabela_laboratorios.pdf,labs_v1
LAB_000055,40301664,CREATINO FOSFOQUINASE - FRAÇÃO MB - ATIVIDADE - PESQUISA E/OU DOSAGEM,,Tabela_laboratorios.pdf,labs_v1
LAB_000056,40301680,CURVA GLICÊMICA (4 DOSAGENS) VIA ORAL OU ENDOVENOSA,,Tabela_laboratorios.pdf,labs_v1
LAB_000057,40301699,DESIDROGENASE ALFA-HIDROXIBUTÍRICA - PESQUISA E/OU DOSAGEM,,Tabela_laboratorios.pdf,labs_v1
LAB_000058,40301702,DESIDROGENASE GLUTÂMICA - PESQUISA E/OU DOSAGEM,,Tabela_laboratorios.pdf,labs_v1
LAB_000059,40301729,DESIDROGENASE LÁCTICA - PESQUISA E/OU DOSAGEM,,Tabela_laboratorios.pdf,labs_v1
LAB_000060,40301737,DESIDROGENASE LÁCTICA - ISOENZIMAS FRACIONADAS - PESQUISA E/OU DOSAGEM,,Tabela_laboratorios.pdf,labs_v1
LAB_000061,40301745,BENZODIAZEPÍNICOS E SIMILARES (CADA) - PESQUISA E/OU DOSAGEM,,Tabela_laboratorios.pdf,labs_v1
LAB_000062,40301753,DIGITOXINA OU DIGOXINA - PESQUISA E/OU DOSAGEM,,Tabela_laboratorios.pdf,labs_v1
LAB_000063,40301761,ELETROFERESE DE PROTEÍNAS,,Tabela_laboratorios.pdf,labs_v1
LAB_000064,40301770,ELETROFORESE DE GLICOPROTEÍNAS,,Tabela_laboratorios.pdf,labs_v1
LAB_000065,40301788,ELETROFORESE DE LIPOPROTEÍNAS,,Tabela_laboratorios.pdf,labs_v1
LAB_000066,40301796,ENOLASE - PESQUISA E/OU DOSAGEM,,Tabela_laboratorios.pdf,labs_v1
LAB_000067,40301800,ETOSSUXIMIDA - PESQUISA E/OU DOSAGEM,,Tabela_laboratorios.pdf,labs_v1
LAB_000068,40301818,"FENILALANINA, PESQUISA E/OU DOSAGEM",,Tabela_laboratorios.pdf,labs_v1
LAB_000069,40301826,FENITOÍNA - PESQUISA E/OU DOSAGEM,,Tabela_laboratorios.pdf,labs_v1
LAB_000070,40301834,FENOBARBITAL - PESQUISA E/OU DOSAGEM,,Tabela_laboratorios.pdf,labs_v1
LAB_000071,40301842,FERRO SÉRICO - PESQUISA E/OU DOSAGEM,,Tabela_laboratorios.pdf,labs_v1
LAB_000072,40301850,FORMALDEÍDO - PESQUISA E/OU DOSAGEM,,Tabela_laboratorios.pdf,labs_v1
LAB_000073,40301869,FOSFATASE ÁCIDA FRAÇÃO PROSTÁTICA - PESQUISA E/OU DOSAGEM,,Tabela_laboratorios.pdf,labs_v1
LAB_000074,40301877,FOSFATASE ÁCIDA TOTAL - PESQUISA E/OU DOSAGEM,,Tabela_laboratorios.pdf,labs_v1
LAB_000075,40301885,FOSFATASE ALCALINA - PESQUISA E/OU DOSAGEM,,Tabela_laboratorios.pdf,labs_v1
LAB_000076,40301893,FOSFATASE ALCALINA COM FRACIONAMENTO DE ISOENZIMAS - PESQUISA E/OU DOSAGEM,,Tabela_laboratorios.pdf,labs_v1
LAB_000077,40301907,FOSFATASE ALCALINA FRAÇÃO ÓSSEA - ELISA - PESQUISA E/OU DOSAGEM,,Tabela_laboratorios.pdf,labs_v1
LAB_000078,40301915,FOSFATASE ALCALINA TERMO-ESTÁVEL - PESQUISA E/OU DOSAGEM,,Tabela_laboratorios.pdf,labs_v1
LAB_000079,40301923,FOSFOLIPÍDIOS - PESQUISA E/OU DOSAGEM,,Tabela_laboratorios.pdf,labs_v1
LAB_000080,40301931,FÓSFORO - PESQUISA E/OU DOSAGEM,,Tabela_laboratorios.pdf,labs_v1
LAB_000081,40301940,"FÓSFORO, PROVA DE REABSORÇÃO TUBULAR",,Tabela_laboratorios.pdf,labs_v1
LAB_000082,40301958,FRUTOSAMINAS (PROTEÍNAS GLICOSILADAS) - PESQUISA E/OU DOSAGEM,,Tabela_laboratorios.pdf,labs_v1
LAB_000083,40301966,FRUTOSE - PESQUISA E/OU DOSAGEM,,Tabela_laboratorios.pdf,labs_v1
LAB_000084,40301990,GAMA-GLUTAMIL TRANSFERASE - PESQUISA E/OU DOSAGEM,,Tabela_laboratorios.pdf,labs_v1
LAB_000085,40302016,"GASOMETRIA (PH, PCO2, SA, O2, EXCESSO BASE) - PESQUISA E/OU DOSAGEM",,Tabela_laboratorios.pdf,labs_v1
LAB_000086,40302024,GASOMETRIA + HB + HT + NA + K + CL + CA + GLICOSE + LACTATO (QUANDO EFETUADO NO GASÔMETRO) - PESQUISA E/OU DOSAGEM,,Tabela_laboratorios.pdf,labs_v1
LAB_000087,40302032,GLICEMIA APÓS SOBRECARGA COM DEXTROSOL OU GLICOSE - PESQUISA E/OU DOSAGEM,,Tabela_laboratorios.pdf,labs_v1
LAB_000088,40302040,GLICOSE - PESQUISA E/OU DOSAGEM,,Tabela_laboratorios.pdf,labs_v1
LAB_000089,40302059,GLICOSE-6-FOSFATO DEIDROGENASE (G6FD) - PESQUISA E/OU DOSAGEM,,Tabela_laboratorios.pdf,labs_v1
LAB_000090,40302067,HAPTOGLOBINA - PESQUISA E/OU DOSAGEM,,Tabela_laboratorios.pdf,labs_v1
LAB_000091,40302075,HEMOGLOBINA GLICADA (A1 TOTAL) - PESQUISA E/OU DOSAGEM,,Tabela_laboratorios.pdf,labs_v1
LAB_000092,40302083,HEMOGLOBINA PLASMÁTICA LIVRE - PESQUISA E/OU DOSAGEM,,Tabela_laboratorios.pdf,labs_v1
LAB_000093,40302091,HEXOSAMINIDASE A - PESQUISA E/OU DOSAGEM,,Tabela_laboratorios.pdf,labs_v1
LAB_000094,40302105,HIDROXIPROLINA - PESQUISA E/OU DOSAGEM,,Tabela_laboratorios.pdf,labs_v1
LAB_000095,40302113,HOMOCISTEÍNA - PESQUISA E/OU DOSAGEM,,Tabela_laboratorios.pdf,labs_v1
LAB_000096,40302121,IMIPRAMINA - DESIPRAMINA - PESQUISA E/OU DOSAGEM,,Tabela_laboratorios.pdf,labs_v1
LAB_000097,40302130,"AMILASE OU ALFA-AMILASE, ISOENZIMAS - PESQUISA E/OU DOSAGEM",,Tabela_laboratorios.pdf,labs_v1
LAB_000098,40302156,ISONIAZIDA - PESQUISA E/OU DOSAGEM,,Tabela_laboratorios.pdf,labs_v1
LAB_000099,40302164,"LACTOSE, TESTE DE TOLERÂNCIA",,Tabela_laboratorios.pdf,labs_v1
LAB_000100,40302180,LIDOCAINA - PESQUISA E/OU DOSAGEM,,Tabela_laboratorios.pdf,labs_v1
LAB_000101,40302199,LIPASE - PESQUISA E/OU DOSAGEM,,Tabela_laboratorios.pdf,labs_v1
LAB_000102,40302229,LÍTIO - PESQUISA E/OU DOSAGEM,,Tabela_laboratorios.pdf,labs_v1
LAB_000103,40302237,MAGNÉSIO - PESQUISA E/OU DOSAGEM,,Tabela_laboratorios.pdf,labs_v1
LAB_000104,40302245,"MIOGLOBINA, PESQUISA E/OU DOSAGEM",,Tabela_laboratorios.pdf,labs_v1
LAB_000105,40302270,OSMOLALIDADE - PESQUISA E/OU DOSAGEM,,Tabela_laboratorios.pdf,labs_v1
LAB_000106,40302288,"OXCARBAZEPINA, PESQUISA E/OU DOSAGEM",,Tabela_laboratorios.pdf,labs_v1
LAB_000107,40302296,PIRUVATO QUINASE - PESQUISA E/OU DOSAGEM,,Tabela_laboratorios.pdf,labs_v1
LAB_000108,T4U03S0S2 300,PORFIRINAS QUANTITATIVAS (CADA) - PESQUISA E/OU DOSAGEM,,Tabela_laboratorios.pdf,labs_v1
LAB_000109,40302318,POTÁSSIO - PESQUISA E/OU DOSAGEM,,Tabela_laboratorios.pdf,labs_v1
LAB_000110,40302326,PRÉ-ALBUMINA - PESQUISA E/OU DOSAGEM,,Tabela_laboratorios.pdf,labs_v1
LAB_000111,40302334,PRIMIDONA - PESQUISA E/OU DOSAGEM,,Tabela_laboratorios.pdf,labs_v1
LAB_000112,40302342,PROCAINAMIDA - PESQUISA E/OU DOSAGEM,,Tabela_laboratorios.pdf,labs_v1
LAB_000113,40302350,PROPANOLOL - PESQUISA E/OU DOSAGEM,,Tabela_laboratorios.pdf,labs_v1
LAB_000114,40302377,PROTEÍNAS TOTAIS - PESQUISA E/OU DOSAGEM,,Tabela_laboratorios.pdf,labs_v1
LAB_000115,40302378,"ALBUMINA, LÍQUOR",,Tabela_laboratorios.pdf,labs_v1
LAB_000116,40302385,PROTEÍNAS TOTAIS ALBUMINA E GLOBULINA - PESQUISA E/OU DOSAGEM,,Tabela_laboratorios.pdf,labs_v1
LAB_000117,40302393,QUINIDINA - PESQUISA E/OU DOSAGEM,,Tabela_laboratorios.pdf,labs_v1
LAB_000118,40302407,RESERVA ALCALINA (BICARBONATO) - PESQUISA E/OU DOSAGEM,,Tabela_laboratorios.pdf,labs_v1
LAB_000119,40302415,"SACAROSE, TESTE DE TOLERÂNCIA",,Tabela_laboratorios.pdf,labs_v1
LAB_000120,40302423,SÓDIO - PESQUISA E/OU DOSAGEM,,Tabela_laboratorios.pdf,labs_v1
LAB_000121,40302474,TEOFILINA - PESQUISA E/OU DOSAGEM,,Tabela_laboratorios.pdf,labs_v1
LAB_000122,40302482,TESTE DE TOLERÂNCIA A INSULINA OU HIPOGLICEMIANTES ORAIS (ATÉ 6 DOSAGENS),,Tabela_laboratorios.pdf,labs_v1
LAB_000123,40302490,TIROSINA - PESQUISA E/OU DOSAGEM,,Tabela_laboratorios.pdf,labs_v1
LAB_000124,40302504,TRANSAMINASE OXALACÉTICA (AMINO TRANSFERASE ASPARTATO) - PESQUISA E/OU DOSAGEM,,Tabela_laboratorios.pdf,labs_v1
LAB_000125,40302512,TRANSAMINASE PIRÚVICA (AMINO TRANSFERASE DE ALANINA) - PESQUISA E/OU DOSAGEM,,Tabela_laboratorios.pdf,labs_v1
LAB_000126,40302520,TRANSFERRINA - PESQUISA E/OU DOSAGEM,,Tabela_laboratorios.pdf,labs_v1
LAB_000127,40302539,TRIAZOLAM - PESQUISA E/OU DOSAGEM,,Tabela_laboratorios.pdf,labs_v1
LAB_000128,40302547,TRIGLICERÍDEOS - PESQUISA E/OU DOSAGEM,,Tabela_laboratorios.pdf,labs_v1
LAB_000129,40302555,TRIMIPRAMINA - PESQUISA E/OU DOSAGEM,,Tabela_laboratorios.pdf,labs_v1
LAB_000130,40302563,TRIPSINA IMUNO REATIVA (IRT) - PESQUISA E/OU DOSAGEM,,Tabela_laboratorios.pdf,labs_v1
LAB_000131,40302571,TROPONINA - PESQUISA E/OU DOSAGEM,,Tabela_laboratorios.pdf,labs_v1
LAB_000132,40302580,URÉIA - PESQUISA E/OU DOSAGEM,,Tabela_laboratorios.pdf,labs_v1
LAB_000133,40302598,UROBILINOGÊNIO - PESQUISA E/OU DOSAGEM,,Tabela_laboratorios.pdf,labs_v1
LAB_000134,40302601,"VITAMINA A, PESQUISA E/OU DOSAGEM",,Tabela_laboratorios.pdf,labs_v1
LAB_000135,40302628,"XILOSE, TESTE DE ABSORÇÃO À",,Tabela_laboratorios.pdf,labs_v1
LAB_000136,40302636,LIPÍDIOS TOTAIS - PESQUISA E/OU DOSAGEM,,Tabela_laboratorios.pdf,labs_v1
LAB_000137,40302644,"MALTOSE, TESTE DE TOLERÂNCIA",,Tabela_laboratorios.pdf,labs_v1
LAB_000138,40302652,"MUCOPOLISSACARIDOSE, PESQUISA E/OU DOSAGEM",,Tabela_laboratorios.pdf,labs_v1
LAB_000139,40302679,"OCITOCINASE, PESQUISA E/OU DOSAGEM",,Tabela_laboratorios.pdf,labs_v1
LAB_000140,40302695,COLESTEROL (VLDL) - PESQUISA E/OU DOSAGEM,,Tabela_laboratorios.pdf,labs_v1
LAB_000141,40302709,TESTE ORAL DE TOLERÂNCIA À GLICOSE - 2 DOSAGENS,,Tabela_laboratorios.pdf,labs_v1
LAB_000142,40302733,HEMOGLOBINA GLICADA (FRAÇÃO A1C) - PESQUISA E/OU DOSAGEM,,Tabela_laboratorios.pdf,labs_v1
LAB_000143,40302750,"PERFIL LIPÍDICO / LIPIDOGRAMA (LÍPIDIOS TOTAIS, COLESTERO",,Tabela_laboratorios.pdf,labs_v1
LAB_000144,40302768,PAPP-A - PESQUISA E/OU DOSAGEM,,Tabela_laboratorios.pdf,labs_v1
LAB_000145,40302776,PEPTÍDEO NATRIURÉTICO BNP/PROBNP - PESQUISA E/OU DOSAGEM,,Tabela_laboratorios.pdf,labs_v1
LAB_000146,40302830,"VITAMINA """"D"""" 25 HIDROXI, PESQUISA E/OU DOSAGEM (VITAMINA D3)",,Tabela_laboratorios.pdf,labs_v1
LAB_000147,40303012,"ALFA -1-ANTITRIPSINA, (FEZES) - PESQUISA E/OU DOSAGEM",,Tabela_laboratorios.pdf,labs_v1
LAB_000148,40303020,"ANAL SWAB, PESQUISA DE OXIÚRUS",,Tabela_laboratorios.pdf,labs_v1
LAB_000149,40303039,"COPROLÓGICO FUNCIONAL (CARACTERES, PH, DIGESTIBILIDADE, AMÔNIA, ÁCIDOS ORGÂNICOS E INTERPRETAÇÃO)",,Tabela_laboratorios.pdf,labs_v1
LAB_000150,40303055,"GORDURA FECAL, DOSAGEM",,Tabela_laboratorios.pdf,labs_v1
LAB_000151,40303063,"HEMATOXILINA FÉRRICA, PESQUISA DE PROTOZOÁRIOS NAS FEZES",,Tabela_laboratorios.pdf,labs_v1
LAB_000152,40303071,"IDENTIFICAÇÃO DE HELMINTOS, EXAME DE FRAGMENTOS - NAS FEZES",,Tabela_laboratorios.pdf,labs_v1
LAB_000153,40303080,"LARVAS (FEZES), PESQUISA",,Tabela_laboratorios.pdf,labs_v1
LAB_000154,40303098,"LEUCÓCITOS E HEMÁCIAS, PESQUISA NAS FEZES",,Tabela_laboratorios.pdf,labs_v1
LAB_000155,40303101,"LEVEDURAS, PESQUISA NAS FEZES",,Tabela_laboratorios.pdf,labs_v1
LAB_000156,40303110,PARASITOLÓGICO - NAS FEZES,,Tabela_laboratorios.pdf,labs_v1
LAB_000157,40303128,"PARASITOLÓGICO, COLHEITA MÚLTIPLA COM FORNECIMENTO DO LÍQUIDO CONSERVANTE NAS FEZES",,Tabela_laboratorios.pdf,labs_v1
LAB_000158,40303136,"SANGUE OCULTO, PESQUISA NAS FEZES",,Tabela_laboratorios.pdf,labs_v1
LAB_000159,40303144,"SHISTOSSOMA, PESQUISA OVOS EM FRAGMENTOS MUCOSA APÓS BIÓPSIA RETAL",,Tabela_laboratorios.pdf,labs_v1
LAB_000160,40303152,SUBSTÂNCIAS REDUTORAS NAS FEZES - PESQUISA,,Tabela_laboratorios.pdf,labs_v1
LAB_000161,40303160,"TRIPSINA, PROVA DE (DIGESTÃO DA GELATINA)",,Tabela_laboratorios.pdf,labs_v1
LAB_000162,T4U03S0S3 179,"ESTEATÓCRITO, TRIAGEM PARA GORDURA FECAL",,Tabela_laboratorios.pdf,labs_v1
LAB_000163,40303187,"ESTERCOBILINOGÊNIO FECAL, DOSAGEM",,Tabela_laboratorios.pdf,labs_v1
LAB_000164,40304019,"ANTICOAGULANTE LÚPICO, PESQUISA",,Tabela_laboratorios.pdf,labs_v1
LAB_000165,40304027,"ANTICORPO ANTI A E B, PESQUISA E/OU DOSAGEM",,Tabela_laboratorios.pdf,labs_v1
LAB_000166,40304035,"ANTICORPOS ANTIPLAQUETÁRIOS, CITOMETRIA DE FLUXO",,Tabela_laboratorios.pdf,labs_v1
LAB_000167,40304043,ANTICORPOS IRREGULARES - PESQUISA E/OU DOSAGEM,,Tabela_laboratorios.pdf,labs_v1
LAB_000168,40304051,"ANTICORPOS IRREGULARES, PESQUISA (MEIO SALINO A TEMPERATURA AMBIENTE E 37º E TESTE INDIRETO DE COOMB",,Tabela_laboratorios.pdf,labs_v1
LAB_000169,40304060,"ANTITROMBINA III, DOSAGEM",,Tabela_laboratorios.pdf,labs_v1
LAB_000170,40304078,ATIVADOR TISSULAR DE PLASMINOGÊNIO (TPA) - PESQUISA E/OU DOSAGEM,,Tabela_laboratorios.pdf,labs_v1
LAB_000171,40304086,"CD (ANTÍGENO DE DIF CELULAR, CADA DETERMINAÇÃO) - PESQUISA E/OU DOSAGEM",,Tabela_laboratorios.pdf,labs_v1
LAB_000172,40304094,"CITOQUÍMICA PARA CLASSIFICAR LEUCEMIA: ESTERASE, FOSFATASE LEUCOCITÁRIA, PAS, PEROXIDASE OU SB, ETC",,Tabela_laboratorios.pdf,labs_v1
LAB_000173,40304108,COOMBS DIRETO,,Tabela_laboratorios.pdf,labs_v1
LAB_000174,40304116,"ENZIMAS ERITROCITÁRIAS, (ADENILATOQUINASE, DESIDROGENASE LÁCTICA, FOSFOFRUCTOQUINASE, FOSFOGLIC",,Tabela_laboratorios.pdf,labs_v1
LAB_000175,40304132,"FALCIZAÇÃO, TESTE DE",,Tabela_laboratorios.pdf,labs_v1
LAB_000176,40304140,"FATOR 4 PLAQUETÁRIO, DOSAGENS",,Tabela_laboratorios.pdf,labs_v1
LAB_000177,40304159,"FATOR II, DOSAGEM",,Tabela_laboratorios.pdf,labs_v1
LAB_000178,40304167,"FATOR IX, DOSAGEM",,Tabela_laboratorios.pdf,labs_v1
LAB_000179,40304183,"FATOR VIII, DOSAGEM",,Tabela_laboratorios.pdf,labs_v1
LAB_000180,40304191,"FATOR VIII, DOSAGEM DO ANTÍGENO (VON WILLEBRAND)",,Tabela_laboratorios.pdf,labs_v1
LAB_000181,40304205,"FATOR VIII, DOSAGEM DO INIBIDOR",,Tabela_laboratorios.pdf,labs_v1
LAB_000182,40304213,"FATOR X, DOSAGEM",,Tabela_laboratorios.pdf,labs_v1
LAB_000183,40304221,"FATOR XI, DOSAGEM",,Tabela_laboratorios.pdf,labs_v1
LAB_000184,40304230,"FATOR XII, DOSAGEM",,Tabela_laboratorios.pdf,labs_v1
LAB_000185,40304248,"FATOR XIII, PESQUISA",,Tabela_laboratorios.pdf,labs_v1
LAB_000186,40304256,FENOTIPAGEM DO SISTEMA RH-HR (ANTI RHO(D) + ANTI RH(C) + ANTI RH(E),,Tabela_laboratorios.pdf,labs_v1
LAB_000187,40304264,"FIBRINOGÊNIO, TESTE FUNCIONAL, DOSAGEM",,Tabela_laboratorios.pdf,labs_v1
LAB_000188,40304272,"FILÁRIA, PESQUISA",,Tabela_laboratorios.pdf,labs_v1
LAB_000189,40304280,"GRUPO ABO, CLASSIFICAÇÃO REVERSA - DETERMINAÇÃO",,Tabela_laboratorios.pdf,labs_v1
LAB_000190,40304299,"GRUPO SANGUÍNEO ABO, E FATOR RHO (INCLUI DU) - DETERMINAÇÃO",,Tabela_laboratorios.pdf,labs_v1
LAB_000191,40304302,"HAM, TESTE DE (HEMÓLISE ÁCIDA)",,Tabela_laboratorios.pdf,labs_v1
LAB_000192,40304310,"HEINZ, CORPÚSCULOS, PESQUISA",,Tabela_laboratorios.pdf,labs_v1
LAB_000193,40304329,"HEMÁCIAS FETAIS, PESQUISA",,Tabela_laboratorios.pdf,labs_v1
LAB_000194,40304337,"HEMATÓCRITO, DETERMINAÇÃO DO",,Tabela_laboratorios.pdf,labs_v1
LAB_000195,40304345,"HEMOGLOBINA, DOSAGEM",,Tabela_laboratorios.pdf,labs_v1
LAB_000196,40304353,HEMOGLOBINA (ELETROFORESE) - PESQUISA E/OU DOSAGEM,,Tabela_laboratorios.pdf,labs_v1
LAB_000197,40304361,"HEMOGRAMA COM CONTAGEM DE PLAQUETAS OU FRAÇÕES (ERITROGRAMA, LEUCOGRAMA, PLAQUETAS)",,Tabela_laboratorios.pdf,labs_v1
LAB_000198,40304370,"HEMOSSEDIMENTAÇÃO, (VHS) - PESQUISA E/OU DOSAGEM",,Tabela_laboratorios.pdf,labs_v1
LAB_000199,40304388,"HEMOSSIDERINA (SIDERÓCITOS), SANGUE OU URINA - PESQUISA E/OU DOSAGEM",,Tabela_laboratorios.pdf,labs_v1
LAB_000200,40304418,"LEUCÓCITOS, CONTAGEM",,Tabela_laboratorios.pdf,labs_v1
LAB_000201,40304434,"META-HEMOGLOBINA, DETERMINAÇÃO DA",,Tabela_laboratorios.pdf,labs_v1
LAB_000202,40304450,"PLAQUETAS, TESTE DE AGREGAÇÃO (POR AGENTE AGREGANTE), CADA",,Tabela_laboratorios.pdf,labs_v1
LAB_000203,40304469,"PLASMINOGÊNIO, DOSAGEM",,Tabela_laboratorios.pdf,labs_v1
LAB_000204,40304477,"PLASMÓDIO, PESQUISA",,Tabela_laboratorios.pdf,labs_v1
LAB_000205,40304485,"MEDULA ÓSSEA, ASPIRAÇÃO PARA MIELOGRAMA OU MICROBIOLÓGICO",,Tabela_laboratorios.pdf,labs_v1
LAB_000206,40304493,"PRODUTOS DE DEGRADAÇÃO DA FIBRINA, QUALITATIVO - PESQUISA E/OU DOSAGEM",,Tabela_laboratorios.pdf,labs_v1
LAB_000207,40304507,PROTEÍNA C - PESQUISA E/OU DOSAGEM,,Tabela_laboratorios.pdf,labs_v1
LAB_000208,40304515,"PROTEÍNA S, TESTE FUNCIONAL",,Tabela_laboratorios.pdf,labs_v1
LAB_000209,40304523,PROTOPORFIRINA ERITROCITÁRIA LIVRE - ZINCO - PESQUISA E/OU DOSAGEM,,Tabela_laboratorios.pdf,labs_v1
LAB_000210,40304531,PROVA DO LAÇO,,Tabela_laboratorios.pdf,labs_v1
LAB_000211,40304540,"RESISTÊNCIA GLOBULAR, CURVA DE",,Tabela_laboratorios.pdf,labs_v1
LAB_000212,40304558,"RETICULÓCITOS, CONTAGEM",,Tabela_laboratorios.pdf,labs_v1
LAB_000213,40304566,RETRAÇÃO DO COÁGULO - PESQUISA,,Tabela_laboratorios.pdf,labs_v1
LAB_000214,40304574,"RISTOCETINA, CO-FATOR, TESTE FUNCIONAL, DOSAGEM",,Tabela_laboratorios.pdf,labs_v1
LAB_000215,40304582,TEMPO DE COAGULAÇÃO - DETERMINAÇÃO,,Tabela_laboratorios.pdf,labs_v1
LAB_000216,T4U03S0S4 590,TEMPO DE PROTROMBINA - DETERMINAÇÃO,,Tabela_laboratorios.pdf,labs_v1
LAB_000217,40304612,TEMPO DE SANGRAMENTO DE IVY - DETEMINAÇÃO,,Tabela_laboratorios.pdf,labs_v1
LAB_000218,40304620,TEMPO DE TROMBINA - DETERMINAÇÃO,,Tabela_laboratorios.pdf,labs_v1
LAB_000219,40304639,TEMPO DE TROMBOPLASTINA PARCIAL ATIVADA - DETERMINAÇÃO,,Tabela_laboratorios.pdf,labs_v1
LAB_000220,40304647,"TRIPANOSSOMA, PESQUISA",,Tabela_laboratorios.pdf,labs_v1
LAB_000221,40304671,"ANTICORPO ANTIMIELOPEROXIDASE, MPO - PESQUISA E/OU DOSAGEM",,Tabela_laboratorios.pdf,labs_v1
LAB_000222,40304680,FATOR VII - PESQUISA E/OU DOSAGEM,,Tabela_laboratorios.pdf,labs_v1
LAB_000223,40304698,"FATOR XIII, DOSAGEM, TESTE FUNCIONAL",,Tabela_laboratorios.pdf,labs_v1
LAB_000224,40304736,IMUNOFENOTIPAGEM PARA LINFOMA NÃO HODGKIN / SINDROME LINFOPROLIFERATIVA CRÔNICA (*),,Tabela_laboratorios.pdf,labs_v1
LAB_000225,40304752,"FATOR IX, DOSAGEM DO INIBIDOR",,Tabela_laboratorios.pdf,labs_v1
LAB_000226,40304787,"PROTEÍNA S LIVRE, DOSAGEM",,Tabela_laboratorios.pdf,labs_v1
LAB_000227,40304795,CÉLULAS LE - PESQUISA E/OU DOSAGEM,,Tabela_laboratorios.pdf,labs_v1
LAB_000228,40304809,CONSUMO DE PROTROMBINA - PESQUISA E/OU DOSAGEM,,Tabela_laboratorios.pdf,labs_v1
LAB_000229,40304817,"ENZIMAS ERITROCITÁRIAS, RASTREIO PARA DEFICIÊNCIA",,Tabela_laboratorios.pdf,labs_v1
LAB_000230,40304825,ESPLENOGRAMA (CITOLOGIA),,Tabela_laboratorios.pdf,labs_v1
LAB_000231,40304850,"HEMOGLOBINOPATIA - TRIAGEM (ELHB, HEMOGLOB FETAL RETICULÓCITOS, CORPOS DE H, T FALCIZAÇÃO HEMÁCIAS",,Tabela_laboratorios.pdf,labs_v1
LAB_000232,40304876,"SULFO-HEMOGLOBINA, DETERMINAÇÃO DA",,Tabela_laboratorios.pdf,labs_v1
LAB_000233,40304884,COOMBS INDIRETO,,Tabela_laboratorios.pdf,labs_v1
LAB_000234,40304892,MIELOGRAMA,,Tabela_laboratorios.pdf,labs_v1
LAB_000235,40304914,TEMPO DE SANGRAMENTO (DUKE) - DETERMINAÇÃO,,Tabela_laboratorios.pdf,labs_v1
LAB_000236,40304922,"COAGULOGRAMA (TS, TC, PROVA DO LAÇO, RETRAÇÃO DO COÁGULO, CONTAGEM DE PLAQUETAS,",,Tabela_laboratorios.pdf,labs_v1
LAB_000237,40304930,"BAÇO, EXAME DE ESFREGAÇO DE ASPIRADO",,Tabela_laboratorios.pdf,labs_v1
LAB_000238,40304949,"LINFONODO, EXAME DE ESFREGAÇO DE ASPIRADO",,Tabela_laboratorios.pdf,labs_v1
LAB_000239,40305015,"1,25-DIHIDROXI VITAMINA D - PESQUISA E/OU DOSAGEM",,Tabela_laboratorios.pdf,labs_v1
LAB_000240,40305066,17-CETOSTERÓIDES (17-CTS) - CROMATOGRAFIA - PESQUISA E/OU DOSAGEM,,Tabela_laboratorios.pdf,labs_v1
LAB_000241,40305074,17-CETOSTERÓIDES RELAÇÃO ALFA/BETA - PESQUISA E/OU DOSAGEM,,Tabela_laboratorios.pdf,labs_v1
LAB_000242,40305082,17-CETOSTERÓIDES TOTAIS (17-CTS) - PESQUISA E/OU DOSAGEM,,Tabela_laboratorios.pdf,labs_v1
LAB_000243,40305090,17-HIDROXIPREGNENOLONA - PESQUISA E/OU DOSAGEM,,Tabela_laboratorios.pdf,labs_v1
LAB_000244,40305112,"ÁCIDO 5 HIDRÓXI INDOL ACÉTICO, DOSAGEM NA URINA",,Tabela_laboratorios.pdf,labs_v1
LAB_000245,40305120,ÁCIDO HOMO VANÍLICO - PESQUISA E/OU DOSAGEM,,Tabela_laboratorios.pdf,labs_v1
LAB_000246,40305163,AMP CÍCLICO - PESQUISA E/OU DOSAGEM,,Tabela_laboratorios.pdf,labs_v1
LAB_000247,40305210,CORTISOL LIVRE - PESQUISA E/OU DOSAGEM,,Tabela_laboratorios.pdf,labs_v1
LAB_000248,40305228,CURVA GLICÊMICA (6 DOSAGENS) - PESQUISA E/OU DOSAGEM,,Tabela_laboratorios.pdf,labs_v1
LAB_000249,40305236,CURVA INSULÍNICA (6 DOSAGENS) - PESQUISA E/OU DOSAGEM,,Tabela_laboratorios.pdf,labs_v1
LAB_000250,40305287,ENZIMA CONVERSORA DA ANGIOTENSINA (ECA) - PESQUISA E/OU DOSAGEM,,Tabela_laboratorios.pdf,labs_v1
LAB_000251,40305295,ERITROPOIETINA - PESQUISA E/OU DOSAGEM,,Tabela_laboratorios.pdf,labs_v1
LAB_000252,40305341,GAD-AB-ANTIDESCARBOXILASE DO ÁCIDO - PESQUISA E/OU DOSAGEM,,Tabela_laboratorios.pdf,labs_v1
LAB_000253,40305368,"GLUCAGON, DOSAGEM",,Tabela_laboratorios.pdf,labs_v1
LAB_000254,40305384,HORMÔNIO ANTIDIURÉTICO (VASOPRESSINA) - PESQUISA E/OU DOSAGEM,,Tabela_laboratorios.pdf,labs_v1
LAB_000255,40305406,"IGF BP3 (PROTEÍNA LIGADORA DOS FATORES DE CRESCIMENTO """"INSULIN-LIKE"""") - PESQUISA E/OU DOSAGEM",,Tabela_laboratorios.pdf,labs_v1
LAB_000256,40305449,N-TELOPEPTÍDEO - PESQUISA E/OU DOSAGEM,,Tabela_laboratorios.pdf,labs_v1
LAB_000257,40305465,PARATORMÔNIO - PTH OU FRAÇÃO (CADA) - PESQUISA E/OU DOSAGEM,,Tabela_laboratorios.pdf,labs_v1
LAB_000258,40305503,PREGNANDIOL - PESQUISA E/OU DOSAGEM,,Tabela_laboratorios.pdf,labs_v1
LAB_000259,40305546,"PROVA DO LH-RH, DOSAGEM DO FSH SEM FORNECIMENTO DE MEDICAMENTO (CADA)",,Tabela_laboratorios.pdf,labs_v1
LAB_000260,40305554,"PROVA DO LH-RH, DOSAGEM DO LH SEM FORNECIMENTO DE MEDICAMENTO (CADA)",,Tabela_laboratorios.pdf,labs_v1
LAB_000261,40305562,"PROVA DO TRH-HPR, DOSAGEM DO HPR SEM FORNECIMENTO DO MATERIAL (CADA)",,Tabela_laboratorios.pdf,labs_v1
LAB_000262,40305570,"PROVA DO TRH-TSH, DOSAGEM DO TSH SEM FORNECIMENTO DO MATERIAL (CADA)",,Tabela_laboratorios.pdf,labs_v1
LAB_000263,40305589,PROVA PARA DIABETE INSÍPIDO (RESTRIÇÃO HÍDRICA NACL 3% VASOPRESSINA),,Tabela_laboratorios.pdf,labs_v1
LAB_000264,40305597,ESTROGÊNIOS TOTAIS (FENOLESTERÓIDES) - PESQUISA E/OU DOSAGEM,,Tabela_laboratorios.pdf,labs_v1
LAB_000265,40305627,"PROVAS DE FUNÇÃO TIREOIDEANA (T3, T4, ÍNDICES E TSH)",,Tabela_laboratorios.pdf,labs_v1
LAB_000266,40305759,HORMÔNIO GONODOTROFICO CORIONICO QUALITATIVO (HCG-BETA-HCG) - PESQUISA,,Tabela_laboratorios.pdf,labs_v1
LAB_000267,40305767,HORMÔNIO GONODOTROFICO CORIONICO QUANTITATIVO (HCG-BETA-HCG) - DOSAGEM,,Tabela_laboratorios.pdf,labs_v1
LAB_000268,40305775,MACROPROLACTINA - PESQUISA E/OU DOSAGEM,,Tabela_laboratorios.pdf,labs_v1
LAB_000269,40305783,17-HIDROXICORTICOSTERÓIDES (17-OHS) - PESQUISA E/OU DOSAGEM,,Tabela_laboratorios.pdf,labs_v1
LAB_000270,T4U03S0S6 011,"ADENOVÍRUS, IGG - PESQUISA E/OU DOSAGEM",,Tabela_laboratorios.pdf,labs_v1
LAB_000271,40306020,"ADENOVÍRUS, IGM - PESQUISA E/OU DOSAGEM",,Tabela_laboratorios.pdf,labs_v1
LAB_000272,40306046,ANTICANDIDA - IGG E IGM (CADA) - PESQUISA E/OU DOSAGEM,,Tabela_laboratorios.pdf,labs_v1
LAB_000273,40306054,ANTI-ACTINA - PESQUISA E/OU DOSAGEM,,Tabela_laboratorios.pdf,labs_v1
LAB_000274,40306062,ANTI-DNA - PESQUISA E/OU DOSAGEM,,Tabela_laboratorios.pdf,labs_v1
LAB_000275,40306070,ANTI-JO1 - PESQUISA E/OU DOSAGEM,,Tabela_laboratorios.pdf,labs_v1
LAB_000276,40306089,ANTI-LA/SSB - PESQUISA E/OU DOSAGEM,,Tabela_laboratorios.pdf,labs_v1
LAB_000277,40306097,ANTI-LKM-1 - PESQUISA E/OU DOSAGEM,,Tabela_laboratorios.pdf,labs_v1
LAB_000278,40306100,ANTI-RNP - PESQUISA E/OU DOSAGEM,,Tabela_laboratorios.pdf,labs_v1
LAB_000279,40306119,ANTI-RO/SSA - PESQUISA E/OU DOSAGEM,,Tabela_laboratorios.pdf,labs_v1
LAB_000280,40306127,ANTI-SM - PESQUISA E/OU DOSAGEM,,Tabela_laboratorios.pdf,labs_v1
LAB_000281,40306135,ANTICARDIOLIPINA - IGA - PESQUISA E/OU DOSAGEM,,Tabela_laboratorios.pdf,labs_v1
LAB_000282,40306143,ANTICARDIOLIPINA - IGG - PESQUISA E/OU DOSAGEM,,Tabela_laboratorios.pdf,labs_v1
LAB_000283,40306151,ANTICARDIOLIPINA - IGM - PESQUISA E/OU DOSAGEM,,Tabela_laboratorios.pdf,labs_v1
LAB_000284,40306160,ANTICENTRÔMERO - PESQUISA E/OU DOSAGEM,,Tabela_laboratorios.pdf,labs_v1
LAB_000285,40306194,ANTICORPO ANTIVÍRUS DA HEPATITE E (TOTAL) - PESQUISA E/OU DOSAGEM,,Tabela_laboratorios.pdf,labs_v1
LAB_000286,40306208,ANTICORPOS ANTI-ILHOTA DE LANGHERANS - PESQUISA E/OU DOSAGEM,,Tabela_laboratorios.pdf,labs_v1
LAB_000287,40306259,"ANTICORPOS ANTIENDOMISIO - IGG, IGM, IGA (CADA) - PESQUISA E/OU DOSAGEM",,Tabela_laboratorios.pdf,labs_v1
LAB_000288,40306267,"ANTICORPOS NATURAIS - ISOAGLUTININAS, PESQUISAS",,Tabela_laboratorios.pdf,labs_v1
LAB_000289,40306275,"ANTICORPOS NATURAIS - ISOAGLUTININAS, TITULAGEM",,Tabela_laboratorios.pdf,labs_v1
LAB_000290,40306283,ANTICORTEX SUPRA-RENAL - PESQUISA E/OU DOSAGEM,,Tabela_laboratorios.pdf,labs_v1
LAB_000291,40306291,ANTIESCLERODERMA (SCL 70) - PESQUISA E/OU DOSAGEM,,Tabela_laboratorios.pdf,labs_v1
LAB_000292,40306305,ANTIGLIADINA (GLÚTEN) - IGA - PESQUISA E/OU DOSAGEM,,Tabela_laboratorios.pdf,labs_v1
LAB_000293,40306313,ANTIGLIADINA (GLÚTEN) - IGG - PESQUISA E/OU DOSAGEM,,Tabela_laboratorios.pdf,labs_v1
LAB_000294,40306330,ANTIMEMBRANA BASAL - PESQUISA E/OU DOSAGEM,,Tabela_laboratorios.pdf,labs_v1
LAB_000295,40306348,ANTIMICROSSOMAL - PESQUISA E/OU DOSAGEM,,Tabela_laboratorios.pdf,labs_v1
LAB_000296,40306356,ANTIMITOCONDRIA - PESQUISA E/OU DOSAGEM,,Tabela_laboratorios.pdf,labs_v1
LAB_000297,40306364,"ANTIMITOCONDRIA, M2 - PESQUISA E/OU DOSAGEM",,Tabela_laboratorios.pdf,labs_v1
LAB_000298,40306372,ANTIMÚSCULO CARDÍACO - PESQUISA E/OU DOSAGEM,,Tabela_laboratorios.pdf,labs_v1
LAB_000299,40306380,ANTIMÚSCULO ESTRIADO - PESQUISA E/OU DOSAGEM,,Tabela_laboratorios.pdf,labs_v1
LAB_000300,40306399,ANTIMÚSCULO LISO - PESQUISA E/OU DOSAGEM,,Tabela_laboratorios.pdf,labs_v1
LAB_000301,40306402,ANTINEUTRÓFILOS (ANCA) C - PESQUISA E/OU DOSAGEM,,Tabela_laboratorios.pdf,labs_v1
LAB_000302,40306410,ANTINEUTRÓFILOS (ANCA) P - PESQUISA E/OU DOSAGEM,,Tabela_laboratorios.pdf,labs_v1
LAB_000303,40306429,ANTIPARIETAL - PESQUISA E/OU DOSAGEM,,Tabela_laboratorios.pdf,labs_v1
LAB_000304,40306437,ANTIPEROXIDASE TIREOIDEANA - PESQUISA E/OU DOSAGEM,,Tabela_laboratorios.pdf,labs_v1
LAB_000305,40306445,ASLO - PESQUISA E/OU DOSAGEM,,Tabela_laboratorios.pdf,labs_v1
LAB_000306,40306453,"ASPERGILUS, REAÇÃO SOROLÓGICA",,Tabela_laboratorios.pdf,labs_v1
LAB_000307,40306470,BETA-2-MICROGLOBULINA - PESQUISA E/OU DOSAGEM,,Tabela_laboratorios.pdf,labs_v1
LAB_000308,40306488,"BIOTINIDASE ATIVIDADE DA, QUALITATIVO - PESQUISA E/OU DOSAGEM",,Tabela_laboratorios.pdf,labs_v1
LAB_000309,40306496,"BLASTOMICOSE, REAÇÃO SOROLÓGICA",,Tabela_laboratorios.pdf,labs_v1
LAB_000310,40306500,BRUCELA - IGG - PESQUISA E/OU DOSAGEM,,Tabela_laboratorios.pdf,labs_v1
LAB_000311,40306518,BRUCELA - IGM - PESQUISA E/OU DOSAGEM,,Tabela_laboratorios.pdf,labs_v1
LAB_000312,40306534,C1Q - PESQUISA E/OU DOSAGEM,,Tabela_laboratorios.pdf,labs_v1
LAB_000313,40306542,C3 PROATIVADOR - PESQUISA E/OU DOSAGEM,,Tabela_laboratorios.pdf,labs_v1
LAB_000314,40306550,C3A (FATOR B) - PESQUISA E/OU DOSAGEM,,Tabela_laboratorios.pdf,labs_v1
LAB_000315,40306593,"CAXUMBA, IGG - PESQUISA E/OU DOSAGEM",,Tabela_laboratorios.pdf,labs_v1
LAB_000316,40306607,"CAXUMBA, IGM - PESQUISA E/OU DOSAGEM",,Tabela_laboratorios.pdf,labs_v1
LAB_000317,40306615,CHAGAS IGG - PESQUISA E/OU DOSAGEM,,Tabela_laboratorios.pdf,labs_v1
LAB_000318,40306623,CHAGAS IGM - PESQUISA E/OU DOSAGEM,,Tabela_laboratorios.pdf,labs_v1
LAB_000319,40306631,CHLAMYDIA - IGG - PESQUISA E/OU DOSAGEM,,Tabela_laboratorios.pdf,labs_v1
LAB_000320,40306640,CHLAMYDIA - IGM - PESQUISA E/OU DOSAGEM,,Tabela_laboratorios.pdf,labs_v1
LAB_000321,40306658,"CISTICERCOSE, AC - PESQUISA E/OU DOSAGEM",,Tabela_laboratorios.pdf,labs_v1
LAB_000322,40306666,CITOMEGALOVÍRUS IGG - PESQUISA E/OU DOSAGEM,,Tabela_laboratorios.pdf,labs_v1
LAB_000323,40306674,CITOMEGALOVÍRUS IGM - PESQUISA E/OU DOSAGEM,,Tabela_laboratorios.pdf,labs_v1
LAB_000324,T4U03S0S6 682,"CLOSTRIDIUM DIFFICILE, TOXINA A - PESQUISA E/OU DOSAGEM",,Tabela_laboratorios.pdf,labs_v1
LAB_000325,40306690,COMPLEMENTO C2 - PESQUISA E/OU DOSAGEM,,Tabela_laboratorios.pdf,labs_v1
LAB_000326,40306704,COMPLEMENTO C3 - PESQUISA E/OU DOSAGEM,,Tabela_laboratorios.pdf,labs_v1
LAB_000327,40306712,COMPLEMENTO C4 - PESQUISA E/OU DOSAGEM,,Tabela_laboratorios.pdf,labs_v1
LAB_000328,40306739,COMPLEMENTO CH-100 - PESQUISA E/OU DOSAGEM,,Tabela_laboratorios.pdf,labs_v1
LAB_000329,40306747,COMPLEMENTO CH-50 - PESQUISA E/OU DOSAGEM,,Tabela_laboratorios.pdf,labs_v1
LAB_000330,40306755,"CRIO-AGLUTININA, GLOBULINA, DOSAGEM, CADA",,Tabela_laboratorios.pdf,labs_v1
LAB_000331,40306763,"CRIO-AGLUTININA, GLOBULINA, PESQUISA, CADA",,Tabela_laboratorios.pdf,labs_v1
LAB_000332,40306771,CROSS MATCH (PROVA CRUZADA DE HISTOCOMPATIBILIDADE PARA TRANSPLANTE RENAL),,Tabela_laboratorios.pdf,labs_v1
LAB_000333,40306780,"CULTURA OU ESTIMULAÇÃO DOS LINFÓCITOS """"IN VITRO"""" POR CONCANAVALINA, PHA OU POKWEED",,Tabela_laboratorios.pdf,labs_v1
LAB_000334,40306798,DENGUE - IGG E IGM (CADA) - PESQUISA E/OU DOSAGEM,,Tabela_laboratorios.pdf,labs_v1
LAB_000335,40306801,ECHOVÍRUS (PAINEL) SOROLOGIA PARA,,Tabela_laboratorios.pdf,labs_v1
LAB_000336,40306810,"EQUINOCOCOSE (HIDATIDOSE), REAÇÃO SOROLÓGICA",,Tabela_laboratorios.pdf,labs_v1
LAB_000337,40306852,"FATOR ANTINÚCLEO, (FAN) - PESQUISA E/OU DOSAGEM",,Tabela_laboratorios.pdf,labs_v1
LAB_000338,40306860,"FATOR REUMATÓIDE, QUANTITATIVO - PESQUISA E/OU DOSAGEM",,Tabela_laboratorios.pdf,labs_v1
LAB_000339,40306879,FILARIA SOROLOGIA - PESQUISA E/OU DOSAGEM,,Tabela_laboratorios.pdf,labs_v1
LAB_000340,40306895,"GIARDIA, REAÇÃO SOROLÓGICA",,Tabela_laboratorios.pdf,labs_v1
LAB_000341,40306909,HELICOBACTER PYLORI - IGA - PESQUISA E/OU DOSAGEM,,Tabela_laboratorios.pdf,labs_v1
LAB_000342,40306917,HELICOBACTER PYLORI - IGG - PESQUISA E/OU DOSAGEM,,Tabela_laboratorios.pdf,labs_v1
LAB_000343,40306925,HELICOBACTER PYLORI - IGM - PESQUISA E/OU DOSAGEM,,Tabela_laboratorios.pdf,labs_v1
LAB_000344,40306933,HEPATITE A - HAV - IGG - PESQUISA E/OU DOSAGEM,,Tabela_laboratorios.pdf,labs_v1
LAB_000345,40306941,HEPATITE A - HAV - IGM - PESQUISA E/OU DOSAGEM,,Tabela_laboratorios.pdf,labs_v1
LAB_000346,40306950,HEPATITE B - HBCAC - IGG (ANTI-CORE IGG OU ACOREG) - PESQUISA E/OU DOSAGEM,,Tabela_laboratorios.pdf,labs_v1
LAB_000347,40306968,HEPATITE B - HBCAC - IGM (ANTI-CORE IGM OU ACOREM) - PESQUISA E/OU DOSAGEM,,Tabela_laboratorios.pdf,labs_v1
LAB_000348,40306976,HEPATITE B - HBEAC (ANTI HBE) - PESQUISA E/OU DOSAGEM,,Tabela_laboratorios.pdf,labs_v1
LAB_000349,40306984,"HEPATITE B - HBEAG (ANTÍGENO """"E"""") - PESQUISA E/OU DOSAGE",,Tabela_laboratorios.pdf,labs_v1
LAB_000350,40306992,HEPATITE B - HBSAC (ANTI-ANTÍGENO DE SUPERFÍCIE) - PESQUISA E/OU DOSAGEM,,Tabela_laboratorios.pdf,labs_v1
LAB_000351,40307018,"HEPATITE B - HBSAG (AU, ANTÍGENO AUSTRÁLIA) - PESQUISA E/OU DOSAGEM",,Tabela_laboratorios.pdf,labs_v1
LAB_000352,40307026,HEPATITE C - ANTI-HCV - PESQUISA E/OU DOSAGEM,,Tabela_laboratorios.pdf,labs_v1
LAB_000353,40307034,HEPATITE C - ANTI-HCV - IGM - PESQUISA E/OU DOSAGEM,,Tabela_laboratorios.pdf,labs_v1
LAB_000354,40307042,HEPATITE C - IMUNOBLOT - PESQUISA E/OU DOSAGEM,,Tabela_laboratorios.pdf,labs_v1
LAB_000355,40307050,"HEPATITE DELTA, ANTICORPO IGG - PESQUISA E/OU DOSAGEM",,Tabela_laboratorios.pdf,labs_v1
LAB_000356,40307069,"HEPATITE DELTA, ANTICORPO IGM - PESQUISA E/OU DOSAGEM",,Tabela_laboratorios.pdf,labs_v1
LAB_000357,40307077,"HEPATITE DELTA, ANTÍGENO - PESQUISA E/OU DOSAGEM",,Tabela_laboratorios.pdf,labs_v1
LAB_000358,40307085,HERPES SIMPLES - IGG - PESQUISA E/OU DOSAGEM,,Tabela_laboratorios.pdf,labs_v1
LAB_000359,40307093,HERPES SIMPLES - IGM - PESQUISA E/OU DOSAGEM,,Tabela_laboratorios.pdf,labs_v1
LAB_000360,40307107,HERPES ZOSTER - IGG - PESQUISA E/OU DOSAGEM,,Tabela_laboratorios.pdf,labs_v1
LAB_000361,40307115,HERPES ZOSTER - IGM - PESQUISA E/OU DOSAGEM,,Tabela_laboratorios.pdf,labs_v1
LAB_000362,40307123,"HIPERSENSIBILIDADE RETARDADA (INTRADERMO REAÇÃO IDER ) CANDIDINA, CAXUMBA, ESTREPTOQUINASE",,Tabela_laboratorios.pdf,labs_v1
LAB_000363,40307140,HISTONA - PESQUISA E/OU DOSAGEM,,Tabela_laboratorios.pdf,labs_v1
LAB_000364,40307158,"HISTOPLASMOSE, REAÇÃO SOROLÓGICA",,Tabela_laboratorios.pdf,labs_v1
LAB_000365,40307166,HIV - ANTÍGENO P24 - PESQUISA E/OU DOSAGEM,,Tabela_laboratorios.pdf,labs_v1
LAB_000366,40307174,"HIV1 OU HIV2, PESQUISA DE ANTICORPOS",,Tabela_laboratorios.pdf,labs_v1
LAB_000367,40307182,"HIV1+ HIV2, (DETERMINAÇÃO CONJUNTA), PESQUISA DE ANTICORPOS",,Tabela_laboratorios.pdf,labs_v1
LAB_000368,40307212,HTLV1 OU HTLV2 PESQUISA DE ANTICORPO (CADA),,Tabela_laboratorios.pdf,labs_v1
LAB_000369,40307220,IGA - PESQUISA E/OU DOSAGEM,,Tabela_laboratorios.pdf,labs_v1
LAB_000370,40307247,IGD - PESQUISA E/OU DOSAGEM,,Tabela_laboratorios.pdf,labs_v1
LAB_000371,40307255,"IGE, GRUPO ESPECÍFICO, CADA - PESQUISA E/OU DOSAGEM",,Tabela_laboratorios.pdf,labs_v1
LAB_000372,40307263,"IGE, POR ALÉRGENO, CADA (CADA) - PESQUISA E/OU DOSAGEM",,Tabela_laboratorios.pdf,labs_v1
LAB_000373,40307271,"IGE, TOTAL - PESQUISA E/OU DOSAGEM",,Tabela_laboratorios.pdf,labs_v1
LAB_000374,40307280,IGG - PESQUISA E/OU DOSAGEM,,Tabela_laboratorios.pdf,labs_v1
LAB_000375,40307298,"IGG, SUBCLASSES 1,2,3,4 (CADA) - PESQUISA E/OU DOSAGEM",,Tabela_laboratorios.pdf,labs_v1
LAB_000376,40307301,IGM - PESQUISA E/OU DOSAGEM,,Tabela_laboratorios.pdf,labs_v1
LAB_000377,40307336,IMUNOELETROFORESE (ESTUDO DA GAMOPATIA) - PESQUISA E/OU DOSAGEM,,Tabela_laboratorios.pdf,labs_v1
LAB_000378,T4U03S0S7 344,INIBIDOR DE C1 ESTERASE - PESQUISA E/OU DOSAGEM,,Tabela_laboratorios.pdf,labs_v1
LAB_000379,40307352,"ISOSPORA, PESQUISA DE ANTÍGENO - PESQUISA E/OU DOSAGEM",,Tabela_laboratorios.pdf,labs_v1
LAB_000380,40307387,LEGIONELLA - IGG E IGM (CADA) - PESQUISA E/OU DOSAGEM,,Tabela_laboratorios.pdf,labs_v1
LAB_000381,40307395,LEISHMANIOSE - IGG E IGM (CADA) - PESQUISA E/OU DOSAGEM,,Tabela_laboratorios.pdf,labs_v1
LAB_000382,40307409,LEPTOSPIROSE - IGG - PESQUISA E/OU DOSAGEM,,Tabela_laboratorios.pdf,labs_v1
LAB_000383,40307417,LEPTOSPIROSE - IGM - PESQUISA E/OU DOSAGEM,,Tabela_laboratorios.pdf,labs_v1
LAB_000384,40307425,"LEPTOSPIROSE, AGLUTINAÇÃO - PESQUISA",,Tabela_laboratorios.pdf,labs_v1
LAB_000385,40307433,"LINFÓCITOS T """"HELPER"""" CONTAGEM DE (IF COM OKT-4) (CD-4+) CITOMETRIA DE FLUXO",,Tabela_laboratorios.pdf,labs_v1
LAB_000386,40307441,LINFÓCITOS T SUPRESSORES CONTAGEM DE (IF COM OKT-8) (D-8) CITOMETRIA DE FLUXO,,Tabela_laboratorios.pdf,labs_v1
LAB_000387,40307450,"LISTERIOSE, REAÇÃO SOROLÓGICA",,Tabela_laboratorios.pdf,labs_v1
LAB_000388,40307468,LYME - IGG - PESQUISA E/OU DOSAGEM,,Tabela_laboratorios.pdf,labs_v1
LAB_000389,40307476,LYME - IGM - PESQUISA E/OU DOSAGEM,,Tabela_laboratorios.pdf,labs_v1
LAB_000390,40307484,MALÁRIA - IGG - PESQUISA E/OU DOSAGEM,,Tabela_laboratorios.pdf,labs_v1
LAB_000391,40307492,MALÁRIA - IGM - PESQUISA E/OU DOSAGEM,,Tabela_laboratorios.pdf,labs_v1
LAB_000392,40307522,MICOPLASMA PNEUMONIAE - IGG - PESQUISA E/OU DOSAGEM,,Tabela_laboratorios.pdf,labs_v1
LAB_000393,40307530,MICOPLASMA PNEUMONIAE - IGM - PESQUISA E/OU DOSAGEM,,Tabela_laboratorios.pdf,labs_v1
LAB_000394,40307565,MONONUCLEOSE - EPSTEIN BARR - IGG - PESQUISA E/OU DOSAGEM,,Tabela_laboratorios.pdf,labs_v1
LAB_000395,40307573,"MONONUCLEOSE, ANTI-VCA (EBV) IGG - PESQUISA E/OU DOSAGEM",,Tabela_laboratorios.pdf,labs_v1
LAB_000396,40307581,"MONONUCLEOSE, ANTI-VCA (EBV) IGM - PESQUISA E/OU DOSAGEM",,Tabela_laboratorios.pdf,labs_v1
LAB_000397,40307603,OUTROS TESTES BIOQUÍMICOS PARA DETERMINAÇÃO DO RISCO FETAL (CADA),,Tabela_laboratorios.pdf,labs_v1
LAB_000398,40307611,"PARVOVÍRUS - IGG, IGM (CADA) - PESQUISA E/OU DOSAGEM",,Tabela_laboratorios.pdf,labs_v1
LAB_000399,40307638,"PPD (TUBERCULINA), IDER",,Tabela_laboratorios.pdf,labs_v1
LAB_000400,40307689,"REAÇÃO SOROLÓGICA PARA COXSACKIE, NEUTRALIZAÇÃO IGG",,Tabela_laboratorios.pdf,labs_v1
LAB_000401,40307697,RUBÉOLA - IGG - PESQUISA E/OU DOSAGEM,,Tabela_laboratorios.pdf,labs_v1
LAB_000402,40307700,RUBÉOLA - IGM - PESQUISA E/OU DOSAGEM,,Tabela_laboratorios.pdf,labs_v1
LAB_000403,40307719,SCHISTOSOMOSE - IGG - PESQUISA E/OU DOSAGEM,,Tabela_laboratorios.pdf,labs_v1
LAB_000404,40307727,SCHISTOSOMOSE - IGM - PESQUISA E/OU DOSAGEM,,Tabela_laboratorios.pdf,labs_v1
LAB_000405,40307735,SÍFILIS - FTA-ABS-IGG - PESQUISA,,Tabela_laboratorios.pdf,labs_v1
LAB_000406,40307743,SÍFILIS - FTA-ABS-IGM - PESQUISA,,Tabela_laboratorios.pdf,labs_v1
LAB_000407,40307751,SÍFILIS - TPHA - PESQUISA,,Tabela_laboratorios.pdf,labs_v1
LAB_000408,40307760,SÍFILIS - VDRL,,Tabela_laboratorios.pdf,labs_v1
LAB_000409,40307794,TOXOCARA CANNIS - IGG - PESQUISA E/OU DOSAGEM,,Tabela_laboratorios.pdf,labs_v1
LAB_000410,40307808,TOXOCARA CANNIS - IGM - PESQUISA E/OU DOSAGEM,,Tabela_laboratorios.pdf,labs_v1
LAB_000411,40307824,TOXOPLASMOSE IGG - PESQUISA E/OU DOSAGEM,,Tabela_laboratorios.pdf,labs_v1
LAB_000412,40307832,TOXOPLASMOSE IGM - PESQUISA E/OU DOSAGEM,,Tabela_laboratorios.pdf,labs_v1
LAB_000413,40307840,"UREASE, TESTE RÁPIDO PARA HELICOBACTER PYLORI",,Tabela_laboratorios.pdf,labs_v1
LAB_000414,40307859,VÍRUS SINCICIAL RESPIRATÓRIO - ELISA - IGG - PESQUISA E/OU DOSAGEM,,Tabela_laboratorios.pdf,labs_v1
LAB_000415,40307867,WAALER-ROSE (FATOR REUMATÓIDE) - PESQUISA E/OU DOSAGEM,,Tabela_laboratorios.pdf,labs_v1
LAB_000416,40307875,WESTERN BLOT (ANTICORPOS ANTI-HIV) - PESQUISA E/OU DOSAGEM,,Tabela_laboratorios.pdf,labs_v1
LAB_000417,40307883,WESTERN BLOT (ANTICORPOS ANTI-HTVI OU HTLVII) (CADA) - PESQUISA E/OU DOSAGEM,,Tabela_laboratorios.pdf,labs_v1
LAB_000418,40307948,"ANTIFÍGADO (GLOMÉRULO, TUB RENAL CORTE RIM DE RATO), IFI - PESQUISA E/OU DOSAGEM",,Tabela_laboratorios.pdf,labs_v1
LAB_000419,40307999,"COMPLEMENTO C3, C4 - TURBID OU NEFOLOMÉTRICO C3A - PESQUISA E/OU DOSAGEM",,Tabela_laboratorios.pdf,labs_v1
LAB_000420,40308014,"CRIOGLOBULINAS, CARACTERIZAÇÃO - IMUNOELETROFORESE",,Tabela_laboratorios.pdf,labs_v1
LAB_000421,40308030,"FATOR REUMATÓIDE, TESTE DO LÁTEX (QUALITATIVO) - PESQUISA",,Tabela_laboratorios.pdf,labs_v1
LAB_000422,40308081,HIDATIDOSE (EQUINOCOCOSE) IDI DUPLA - PESQUISA E/OU DOSAGEM,,Tabela_laboratorios.pdf,labs_v1
LAB_000423,40308120,SARAMPO - ANTICORPOS IGG - PESQUISA E/OU DOSAGEM,,Tabela_laboratorios.pdf,labs_v1
LAB_000424,40308138,SARAMPO - ANTICORPOS IGM - PESQUISA E/OU DOSAGEM,,Tabela_laboratorios.pdf,labs_v1
LAB_000425,40308154,TOXOPLASMOSE - IGA - PESQUISA E/OU DOSAGEM,,Tabela_laboratorios.pdf,labs_v1
LAB_000426,40308162,"VARICELA, IGG - PESQUISA E/OU DOSAGEM",,Tabela_laboratorios.pdf,labs_v1
LAB_000427,40308170,"VARICELA, IGM - PESQUISA E/OU DOSAGEM",,Tabela_laboratorios.pdf,labs_v1
LAB_000428,40308286,SÍFILIS ANTICORPO TOTAL - PESQUISA E/OU DOSAGEM,,Tabela_laboratorios.pdf,labs_v1
LAB_000429,40308294,SÍFILIS IGM - PESQUISA E/OU DOSAGEM,,Tabela_laboratorios.pdf,labs_v1
LAB_000430,40308308,"AMEBÍASE, IGG - PESQUISA E/OU DOSAGEM",,Tabela_laboratorios.pdf,labs_v1
LAB_000431,40308340,"MONONUCLEOSE, SOROLOGIA PARA (MONOTESTE OU PAUL-BUNNEL), CADA",,Tabela_laboratorios.pdf,labs_v1
LAB_000432,T4U03S0S8 359,PSITACOSE - IGG - PESQUISA E/OU DOSAGEM,,Tabela_laboratorios.pdf,labs_v1
LAB_000433,40308367,PSITACOSE - IGM - PESQUISA E/OU DOSAGEM,,Tabela_laboratorios.pdf,labs_v1
LAB_000434,40308383,"PROTEÍNA C REATIVA, QUALITATIVA - PESQUISA",,Tabela_laboratorios.pdf,labs_v1
LAB_000435,40308391,"PROTEÍNA C REATIVA, QUANTITATIVA - PESQUISA E/OU DOSAGEM",,Tabela_laboratorios.pdf,labs_v1
LAB_000436,40308405,"ASLO, QUANTITATIVO - PESQUISA E/OU DOSAGEM",,Tabela_laboratorios.pdf,labs_v1
LAB_000437,40308413,"PARACOCCIDIOIDOMICOSE, ANTICORPOS TOTAIS / IGG - PESQUISA E/OU DOSAGEM",,Tabela_laboratorios.pdf,labs_v1
LAB_000438,40308529,ANTICORPOS ANTIPNEUMOCOCOS,,Tabela_laboratorios.pdf,labs_v1
LAB_000439,40308553,ANTI TRANSGLUTAMINASE TECIDUAL - IGA,,Tabela_laboratorios.pdf,labs_v1
LAB_000440,40309010,ADENOSINA DE AMINASE (ADA) - PESQUISA E/OU DOSAGEM EM LÍQUIDOS ORGÂNICOS,,Tabela_laboratorios.pdf,labs_v1
LAB_000441,40309029,BIOQUÍMICA ICR (PROTEÍNAS + PANDY + GLICOSE + CLORO) - PESQUISA E/OU DOSAGEM EM LÍQUIDOS ORGÂNICOS,,Tabela_laboratorios.pdf,labs_v1
LAB_000442,40309037,"CÉLULAS, CONTAGEM TOTAL E ESPECÍFICA - PESQUISA E/OU DOSAGEM EM LÍQUIDOS ORGÂNICOS",,Tabela_laboratorios.pdf,labs_v1
LAB_000443,40309045,"CÉLULAS, PESQUISA DE CÉLULAS NEOPLÁSICAS (CITOLOGIA ONCÓTICA) - PESQUISA E/OU DOSAGEM EM LÍQUIDOS",,Tabela_laboratorios.pdf,labs_v1
LAB_000444,40309053,"CRIPTOCOCOSE, CÂNDIDA, ASPÉRGILUS (LÁTEX) - PESQUISA E/OU DOSAGEM EM LÍQUIDOS ORGÂNICOS",,Tabela_laboratorios.pdf,labs_v1
LAB_000445,40309061,"ELETROFORESE DE PROTEÍNAS NO LÍQUOR, COM CONCENTRAÇÃO - PESQUISA E/OU DOSAGEM EM LÍQUIDOS ORGÂNICOS",,Tabela_laboratorios.pdf,labs_v1
LAB_000446,40309070,"H INFLUENZAE, S PNEUMONIEAE, N MENINGITIDIS A, B E C W135 (CADA) - PESQUISA E/OU DOSAGEM EM LÍQUIDOS",,Tabela_laboratorios.pdf,labs_v1
LAB_000447,40309088,HAEMOPHILUS INFLUENZAE - PESQUISA DE ANTICORPOS (CADA)- PESQUISA E/OU DOSAGEM EM LÍQUIDOS ORGÂNICOS,,Tabela_laboratorios.pdf,labs_v1
LAB_000448,40309096,ÍNDICE DE IMUNOPRODUÇÃO (ELETROF E IGG EM SORO E LÍQUOR) - PESQUISA E/OU DOSAGEM,,Tabela_laboratorios.pdf,labs_v1
LAB_000449,40309100,LCR AMBULATORIAL ROTINA (ASPECTOS COR + ÍNDICE DE COR + CONTAGEM GLOBAL E ESPECÍFICA DE LEUCÓCITOS,,Tabela_laboratorios.pdf,labs_v1
LAB_000450,40309118,LCR HOSPITALAR NEUROLOGIA (ASPECTOS COR + ÍNDICES DE COR + CONTAGEM GLOBAL E,,Tabela_laboratorios.pdf,labs_v1
LAB_000451,40309126,LCR PRONTO SOCORRO (ASPECTOS COR + ÍNDICE DE COR + CONTAGEM GLOBAL E,,Tabela_laboratorios.pdf,labs_v1
LAB_000452,40309134,PESQUISA DE BANDAS OLIGOCLONAIS POR ISOFOCALIZAÇÃO - PESQUISA E/OU DOSAGEM EM LÍQUIDOS ORGÂNICOS,,Tabela_laboratorios.pdf,labs_v1
LAB_000453,40309142,"PROTEÍNA MIELINA BÁSICA, ANTICORPO ANTI - PESQUISA E/OU DOSAGEM EM LÍQUIDOS ORGÂNICOS",,Tabela_laboratorios.pdf,labs_v1
LAB_000454,40309266,AMINOÁCIDOS NO LÍQUIDO CEFALORRAQUIDIANO,,Tabela_laboratorios.pdf,labs_v1
LAB_000455,40309312,"ESPERMOGRAMA (CARACTERES FÍSICOS, PH, FLUDIFICAÇÃO, MOTILIDADE, VITALIDADE, CONTAGEM E MORFOLOGIA)",,Tabela_laboratorios.pdf,labs_v1
LAB_000456,40309401,"CLEMENTS, TESTE",,Tabela_laboratorios.pdf,labs_v1
LAB_000457,40309410,ESPECTROFOTOMETRIA DE LÍQUIDO AMNIÓTICO,,Tabela_laboratorios.pdf,labs_v1
LAB_000458,40309428,FOSFOLIPÍDIOS (RELAÇÃO LECITINA/ESFINGOMIELINA) - PESQUISA E/OU DOSAGEM EM LÍQUIDOS ORGÂNICOS,,Tabela_laboratorios.pdf,labs_v1
LAB_000459,40309436,MATURIDADE PULMONAR FETAL - PESQUISA E/OU DOSAGEM EM LÍQUIDOS ORGÂNICOS,,Tabela_laboratorios.pdf,labs_v1
LAB_000460,40309444,ROTINA DO LÍQUIDO AMNIÓTICO-AMNIOGRAMA (CITOLÓGICO ESPECTROFOTOMETRIA,,Tabela_laboratorios.pdf,labs_v1
LAB_000461,40309509,CRISTAIS COM LUZ POLARIZADA - PESQUISA E/OU DOSAGEM EM LÍQUIDOS ORGÂNICOS,,Tabela_laboratorios.pdf,labs_v1
LAB_000462,40309517,"RAGÓCITOS, PESQUISA",,Tabela_laboratorios.pdf,labs_v1
LAB_000463,40309525,"ROTINA LÍQUIDO SINOVIAL - CARACTERES FÍSICOS, CITOLOGIA, PROTEÍNAS, ÁCIDO ÚRICO, LÁTEX P/ FR, BACT",,Tabela_laboratorios.pdf,labs_v1
LAB_000464,40310019,"A FRESCO, EXAME",,Tabela_laboratorios.pdf,labs_v1
LAB_000465,40310035,ANTIBIOGRAMA P/ BACILOS ÁLCOOL-RESISTENTES - DROGAS DE 2 LINHAS,,Tabela_laboratorios.pdf,labs_v1
LAB_000466,40310043,"ANTÍGENOS FÚNGICOS, PESQUISA",,Tabela_laboratorios.pdf,labs_v1
LAB_000467,40310051,"BAAR (ZIEHL OU FLUORESCÊNCIA, PESQUISA DIRETA E APÓS HOMOGENEIZAÇÃO) - PESQUISA",,Tabela_laboratorios.pdf,labs_v1
LAB_000468,40310060,"BACTERIOSCOPIA (GRAM, ZIEHL, ALBERT ETC), POR LÂMINA",,Tabela_laboratorios.pdf,labs_v1
LAB_000469,40310078,"CHLAMYDIA, CULTURA",,Tabela_laboratorios.pdf,labs_v1
LAB_000470,40310086,CÓLERA - IDENTIFICAÇÃO (SOROTIPAGEM INCLUÍDA),,Tabela_laboratorios.pdf,labs_v1
LAB_000471,40310094,"CORPÚSCULOS DE DONOVANI, PESQUISA DIRETA DE",,Tabela_laboratorios.pdf,labs_v1
LAB_000472,40310108,"CRIPTOCOCO (TINTA DA CHINA), PESQUISA DE",,Tabela_laboratorios.pdf,labs_v1
LAB_000473,40310116,"CRYPTOSPORIDIUM, PESQUISA",,Tabela_laboratorios.pdf,labs_v1
LAB_000474,40310124,CULTURA BACTERIANA (EM DIVERSOS MATERIAIS BIOLÓGICOS),,Tabela_laboratorios.pdf,labs_v1
LAB_000475,40310132,CULTURA PARA BACTÉRIAS ANAERÓBICAS,,Tabela_laboratorios.pdf,labs_v1
LAB_000476,40310140,CULTURA PARA FUNGOS,,Tabela_laboratorios.pdf,labs_v1
LAB_000477,40310159,CULTURA PARA MYCOBACTERIUM,,Tabela_laboratorios.pdf,labs_v1
LAB_000478,40310167,"CULTURA QUANTITATIVA DE SECREÇÕES PULMONARES, QUANDO NECESSITAR TRATAMENTO PRÉVIO C/ NCA",,Tabela_laboratorios.pdf,labs_v1
LAB_000479,40310175,"CULTURA, FEZES: SALMONELA, SHIGELLAE E ESC COLI ENTEROPATOGÊNICAS, ENTEROINVASORA (SOROL INCLUÍDA)",,Tabela_laboratorios.pdf,labs_v1
LAB_000480,40310183,"CULTURA, FEZES: SALMONELLA, SHIGELLA E ESCHERICHIA COLI ENTEROPATOGÊNICAS (SOROLOGIA INCLUÍDA)",,Tabela_laboratorios.pdf,labs_v1
LAB_000481,40310191,"CULTURA, HERPESVÍRUS OU OUTRO",,Tabela_laboratorios.pdf,labs_v1
LAB_000482,40310205,"CULTURA, MICOPLASMA OU UREAPLASMA",,Tabela_laboratorios.pdf,labs_v1
LAB_000483,40310213,"CULTURA, URINA COM CONTAGEM DE COLÔNIAS",,Tabela_laboratorios.pdf,labs_v1
LAB_000484,40310221,"ESTREPTOCOCOS - A, TESTE RÁPIDO",,Tabela_laboratorios.pdf,labs_v1
LAB_000485,40310230,"FUNGOS, PESQUISA DE (A FRESCO LACTOFENOL, TINTA DA CHINA)",,Tabela_laboratorios.pdf,labs_v1
LAB_000486,T4U03S1S0 248,HEMOCULTURA (POR AMOSTRA),,Tabela_laboratorios.pdf,labs_v1
LAB_000487,40310256,HEMOCULTURA AUTOMATIZADA (POR AMOSTRA),,Tabela_laboratorios.pdf,labs_v1
LAB_000488,40310264,HEMOCULTURA PARA BACTÉRIAS ANAERÓBIAS (POR AMOSTRA),,Tabela_laboratorios.pdf,labs_v1
LAB_000489,40310272,HEMOPHILUS (BORDETELLA) PERTUSSIS - PESQUISA,,Tabela_laboratorios.pdf,labs_v1
LAB_000490,40310280,"HANSEN, PESQUISA DE (POR MATERIAL)",,Tabela_laboratorios.pdf,labs_v1
LAB_000491,40310299,LEPTOSPIRA (CAMPO ESCURO APÓS CONCENTRAÇÃO) PESQUISA,,Tabela_laboratorios.pdf,labs_v1
LAB_000492,40310302,"MICROORGANISMOS - TESTE DE SENSIBILIDADE A DROGAS MIC, POR DROGA TESTADA",,Tabela_laboratorios.pdf,labs_v1
LAB_000493,40310310,"PARACOCCIDIOIDES, PESQUISA DE",,Tabela_laboratorios.pdf,labs_v1
LAB_000494,40310329,"PNEUMOCYSTI CARINII, PESQUISA POR COLORAÇÃO ESPECIAL",,Tabela_laboratorios.pdf,labs_v1
LAB_000495,40310337,"ROTAVÍRUS, PESQUISA, ELISA",,Tabela_laboratorios.pdf,labs_v1
LAB_000496,40310345,TREPONEMA (CAMPO ESCURO) - PESQUISA,,Tabela_laboratorios.pdf,labs_v1
LAB_000497,40310370,"MICROSPORÍDIA, PESQUISA NAS FEZES",,Tabela_laboratorios.pdf,labs_v1
LAB_000498,40310388,"SARCOPTES SCABEI, PESQUISA",,Tabela_laboratorios.pdf,labs_v1
LAB_000499,40310400,CULTURA AUTOMATIZADA - MICROBIOLOGIA,,Tabela_laboratorios.pdf,labs_v1
LAB_000500,40310418,ANTIBIOGRAMA (TESTE DE SENSIBILIDADE E ANTIBIÓTICOS E QUIMIOTERÁPICOS),,Tabela_laboratorios.pdf,labs_v1
LAB_000501,40310426,ANTIBIOGRAMA AUTOMATIZADO,,Tabela_laboratorios.pdf,labs_v1
LAB_000502,40310434,"LEISHMANIA, PESQUISA - PESQUISA",,Tabela_laboratorios.pdf,labs_v1
LAB_000503,40310523,PESQUISA DE ANTÍGENOS ENTAMOEBA HISTOLYTICA,,Tabela_laboratorios.pdf,labs_v1
LAB_000504,40310604,ANTIFUNGIGRAMA,,Tabela_laboratorios.pdf,labs_v1
LAB_000505,40311015,ÁCIDO CÍTRICO - PESQUISA E/OU DOSAGEM NA URINA,,Tabela_laboratorios.pdf,labs_v1
LAB_000506,40311023,ÁCIDO HOMOGENTÍSICO - PESQUISA E/OU DOSAGEM NA URINA,,Tabela_laboratorios.pdf,labs_v1
LAB_000507,40311040,CÁLCULOS URINÁRIOS - ANÁLISE,,Tabela_laboratorios.pdf,labs_v1
LAB_000508,40311058,"CATECOLAMINAS FRACIONADAS - DOPAMINA, EPINEFRINA, NOREPINEFRINA (CADA) - PES",,Tabela_laboratorios.pdf,labs_v1
LAB_000509,40311066,"CISTINÚRIA, PESQUISA",,Tabela_laboratorios.pdf,labs_v1
LAB_000510,40311074,COPROPORFIRINA III - PESQUISA E/OU DOSAGEM NA URINA,,Tabela_laboratorios.pdf,labs_v1
LAB_000511,40311082,"CORPOS CETÔNICOS, PESQUISA - NA URINA",,Tabela_laboratorios.pdf,labs_v1
LAB_000512,40311090,CROMATOGRAFIA DE AÇÚCARES - NA URINA,,Tabela_laboratorios.pdf,labs_v1
LAB_000513,40311104,"DISMORFISMO ERITROCITÁRIO, PESQUISA (CONTRASTE DE FASE) - NA URINA",,Tabela_laboratorios.pdf,labs_v1
LAB_000514,40311112,ERROS INATOS DO METABOLISMO BATERIAS DE TESTES QUÍMICOS DE TRIAGEM EM URINA (MÍNIMO DE 6 TESTES),,Tabela_laboratorios.pdf,labs_v1
LAB_000515,40311120,"FRUTOSÚRIA, PESQUISA",,Tabela_laboratorios.pdf,labs_v1
LAB_000516,40311139,"GALACTOSÚRIA, PESQUISA",,Tabela_laboratorios.pdf,labs_v1
LAB_000517,40311147,"LIPÓIDES, PESQUISA - NA URINA",,Tabela_laboratorios.pdf,labs_v1
LAB_000518,40311155,"MELANINA, PESQUISA - NA URINA",,Tabela_laboratorios.pdf,labs_v1
LAB_000519,40311163,"METANEFRINAS URINÁRIAS, DOSAGEM",,Tabela_laboratorios.pdf,labs_v1
LAB_000520,40311171,MICROALBUMINÚRIA,,Tabela_laboratorios.pdf,labs_v1
LAB_000521,40311180,PESQUISA OU DOSAGEM DE UM COMPONENTE URINÁRIO,,Tabela_laboratorios.pdf,labs_v1
LAB_000522,40311198,"PORFOBILINOGÊNIO, PESQUISA - NA URINA",,Tabela_laboratorios.pdf,labs_v1
LAB_000523,40311201,"PROTEÍNAS DE BENCE JONES, PESQUISA - NA URINA",,Tabela_laboratorios.pdf,labs_v1
LAB_000524,40311210,"ROTINA DE URINA (CARACTERES FÍSICOS, ELEMENTOS ANORMAIS E SEDIMENTOSCOPIA)",,Tabela_laboratorios.pdf,labs_v1
LAB_000525,40311228,"UROPORFIRINAS, DOSAGEM",,Tabela_laboratorios.pdf,labs_v1
LAB_000526,40311236,"2,5-HEXANODIONA, DOSAGEM NA URINA",,Tabela_laboratorios.pdf,labs_v1
LAB_000527,40311244,CISTINA - PESQUISA E/OU DOSAGEM NA URINA,,Tabela_laboratorios.pdf,labs_v1
LAB_000528,40311252,PORFOBILINOGÊNIO - NA URINA,,Tabela_laboratorios.pdf,labs_v1
LAB_000529,40311295,CONTAGEM SEDIMENTAR DE ADDIS,,Tabela_laboratorios.pdf,labs_v1
LAB_000530,40311309,"ELETROFORESE DE PROTEÍNAS URINÁRIAS, COM CONCENTRAÇÃO",,Tabela_laboratorios.pdf,labs_v1
LAB_000531,40311317,"FENILCETONÚRIA, PESQUISA",,Tabela_laboratorios.pdf,labs_v1
LAB_000532,40311325,"HISTIDINA, PESQUISA - NA URINA",,Tabela_laboratorios.pdf,labs_v1
LAB_000533,40311333,"INCLUSÃO CITOMEGÁLICA, PESQUISA DE CÉLULAS COM - NA URINA",,Tabela_laboratorios.pdf,labs_v1
LAB_000534,40311341,"MIOGLOBINA, PESQUISA - NA URINA",,Tabela_laboratorios.pdf,labs_v1
LAB_000535,40311350,"OSMOLALIDADE, DETERMINAÇÃO - NA URINA",,Tabela_laboratorios.pdf,labs_v1
LAB_000536,40311392,"TIROSINOSE, PESQUISA - NA URINA",,Tabela_laboratorios.pdf,labs_v1
LAB_000537,40312020,"CROMATINA SEXUAL, PESQUISA",,Tabela_laboratorios.pdf,labs_v1
LAB_000538,40312054,"MUCO-NASAL, PESQUISA DE EOSINÓFILOS E MASTÓCITOS",,Tabela_laboratorios.pdf,labs_v1
LAB_000539,40312062,"PERFIL METABÓLICO PARA LITÍASE RENAL: SANGUE (CA, P, AU, CR) URINA: (CA, AU, P, CITR, PESQ. CIST",,Tabela_laboratorios.pdf,labs_v1
LAB_000540,T4U03S1S2 070,GASTROACIDOGRAMA - SECREÇÃO BASAL PARA 60' E 4 AMOSTRAS APÓS O ESTÍMULO (FORNECIMENTO DE MATERIAL IN,,Tabela_laboratorios.pdf,labs_v1
LAB_000541,40312100,"ROTINA DA BILES A, B, C E DO SUCO DUODENAL (CARACTERES FÍSICOS E MICROSCÓPICOS INCLUSIVE TUBAGEM)",,Tabela_laboratorios.pdf,labs_v1
LAB_000542,40312127,"PERFIL REUMATOLÓGICO (ÁCIDO ÚRICO, ELETROFORESE DE PROTEÍNAS, FAN, VHS,",,Tabela_laboratorios.pdf,labs_v1
LAB_000543,40312143,"PROVA ATIVIDADE DE FEBRE REUMÁTICA (ASLO, ELETROFORESE DE PROTEÍNAS",,Tabela_laboratorios.pdf,labs_v1
LAB_000544,40312151,"PROVAS DE FUNÇÃO HEPÁTICA (BILIRRUBINAS, ELETROFORESE DE PROTEÍNAS, FA, TGO, TGP E GAMA-PGT)",,Tabela_laboratorios.pdf,labs_v1
LAB_000545,40312160,TESTE DO PEZINHO BÁSICO (TSH NEONATAL + FENILALANINA + ELETROFORESE,,Tabela_laboratorios.pdf,labs_v1
LAB_000546,40313034,ÁCIDO FENILGLIOXÍLICO (PARA ESTIRENO) - PESQUISA E/OU DOSAGEM,,Tabela_laboratorios.pdf,labs_v1
LAB_000547,40313042,ÁCIDO HIPÚRICO (PARA TOLUENO) - PESQUISA E/OU DOSAGEM,,Tabela_laboratorios.pdf,labs_v1
LAB_000548,40313050,ÁCIDO MANDÉLICO (PARA ESTIRENO) - PESQUISA E/OU DOSAGEM,,Tabela_laboratorios.pdf,labs_v1
LAB_000549,40313069,ÁCIDO METILHIPÚRICO (PARA XILENOS) - PESQUISA E/OU DOSAGEM,,Tabela_laboratorios.pdf,labs_v1
LAB_000550,40313077,ÁCIDO SALICÍLICO - PESQUISA E/OU DOSAGEM,,Tabela_laboratorios.pdf,labs_v1
LAB_000551,40313093,CARBOXIHEMOGLOBINA (PARA MONÓXIDO DE CARBONO DICLOROMETANO) - PESQUISA E/OU DOSAGEM,,Tabela_laboratorios.pdf,labs_v1
LAB_000552,40313107,CHUMBO - PESQUISA E/OU DOSAGEM,,Tabela_laboratorios.pdf,labs_v1
LAB_000553,40313115,COLINESTERASE (PARA CARBAMATOS ORGANOFOSFORADOS) - PESQUISA E/OU DOSAGEM,,Tabela_laboratorios.pdf,labs_v1
LAB_000554,40313123,COPROPORFIRINAS (PARA CHUMBO INORGÂNICO) - PESQUISA E/OU DOSAGEM,,Tabela_laboratorios.pdf,labs_v1
LAB_000555,40313140,ETANOL - PESQUISA E/OU DOSAGEM,,Tabela_laboratorios.pdf,labs_v1
LAB_000556,40313158,"FENOL (PARA BENZENO, FENOL) - PESQUISA E/OU DOSAGEM",,Tabela_laboratorios.pdf,labs_v1
LAB_000557,40313166,FLÚOR (PARA FLUORETOS) - PESQUISA E/OU DOSAGEM,,Tabela_laboratorios.pdf,labs_v1
LAB_000558,40313174,FORMOLDEÍDO - PESQUISA E/OU DOSAGEM,,Tabela_laboratorios.pdf,labs_v1
LAB_000559,40313182,META-HEMOGLOBINA (PARA ANILINA NITROBENZENO) - PESQUISA E/OU DOSAGEM,,Tabela_laboratorios.pdf,labs_v1
LAB_000560,40313190,"METAIS AL, AS, CD, CR, MN, HG, NI, ZN, CO, OUTRO (S) ABSORÇÃO ATÔMICA (CADA) - PESQUISA E/OU DOSAGEM",,Tabela_laboratorios.pdf,labs_v1
LAB_000561,40313204,METANOL - PESQUISA E/OU DOSAGEM,,Tabela_laboratorios.pdf,labs_v1
LAB_000562,40313212,P-AMINOFENOL (PARA ANILINA) - PESQUISA E/OU DOSAGEM,,Tabela_laboratorios.pdf,labs_v1
LAB_000563,40313263,"SULFATOS ORGÂNICOS OU INORGÂNICOS, PESQUISA (CADA)",,Tabela_laboratorios.pdf,labs_v1
LAB_000564,40313280,"TRICLOROCOMPOSTOS TOTAIS (PARA TETRACLOROETILENO, TRICLOROETANO",,Tabela_laboratorios.pdf,labs_v1
LAB_000565,40313328,ZINCO - PESQUISA E/OU DOSAGEM,,Tabela_laboratorios.pdf,labs_v1
LAB_000566,40313336,"SALICILATOS, PESQUISA",,Tabela_laboratorios.pdf,labs_v1
LAB_000567,40313344,METIL ETIL CETONA - PESQUISA E/OU DOSAGEM,,Tabela_laboratorios.pdf,labs_v1
LAB_000568,40314138,HIV - QUALITATIVO POR PCR - PESQUISA,,Tabela_laboratorios.pdf,labs_v1
LAB_000569,40314170,MYCOBACTÉRIA PCR - PESQUISA,,Tabela_laboratorios.pdf,labs_v1
LAB_000570,40316017,17-ALFA-HIDROXIPROGESTERONA - PESQUISA E/OU DOSAGEM,,Tabela_laboratorios.pdf,labs_v1
LAB_000571,40316025,3 ALFA ANDROSTONEDIOL GLUCORONÍDEO (3ALFDADIOL) - PESQUISA E/OU DOSAGEM,,Tabela_laboratorios.pdf,labs_v1
LAB_000572,40316033,ÁCIDO VANILMANDÉLICO (VMA) - PESQUISA E/OU DOSAGEM,,Tabela_laboratorios.pdf,labs_v1
LAB_000573,40316041,"ADRENOCORTICOTRÓFICO, HORMÔNIO (ACTH) - PESQUISA E/OU DOSAGEM",,Tabela_laboratorios.pdf,labs_v1
LAB_000574,40316050,ALDOSTERONA - PESQUISA E/OU DOSAGEM,,Tabela_laboratorios.pdf,labs_v1
LAB_000575,40316068,ALFA-FETOPROTEÍNA - PESQUISA E/OU DOSAGEM,,Tabela_laboratorios.pdf,labs_v1
LAB_000576,40316076,ANDROSTENEDIONA - PESQUISA E/OU DOSAGEM,,Tabela_laboratorios.pdf,labs_v1
LAB_000577,40316084,ANTICORPO ANTI-RECEPTOR DE TSH (TRAB) - PESQUISA E/OU DOSAGEM,,Tabela_laboratorios.pdf,labs_v1
LAB_000578,40316092,ANTICORPOS ANTIINSULINA - PESQUISA E/OU DOSAGEM,,Tabela_laboratorios.pdf,labs_v1
LAB_000579,40316106,ANTICORPOS ANTITIREÓIDE (TIREOGLOBULINA) - PESQUISA E/OU DOSAGEM,,Tabela_laboratorios.pdf,labs_v1
LAB_000580,40316114,ANTÍGENO AUSTRÁLIA (HBSAG) - PESQUISA E/OU DOSAGEM,,Tabela_laboratorios.pdf,labs_v1
LAB_000581,40316122,ANTÍGENO CARCINOEMBRIOGÊNICO (CEA) - PESQUISA E/OU DOSAGEM,,Tabela_laboratorios.pdf,labs_v1
LAB_000582,40316130,ANTÍGENO ESPECÍFICO PROSTÁTICO LIVRE (PSA LIVRE) - PESQUISA E/OU DOSAGEM,,Tabela_laboratorios.pdf,labs_v1
LAB_000583,40316149,ANTÍGENO ESPECÍFICO PROSTÁTICO TOTAL (PSA) - PESQUISA E/OU DOSAGEM,,Tabela_laboratorios.pdf,labs_v1
LAB_000584,40316157,ANTI-TPO - PESQUISA E/OU DOSAGEM,,Tabela_laboratorios.pdf,labs_v1
LAB_000585,40316165,CALCITONINA - PESQUISA E/OU DOSAGEM,,Tabela_laboratorios.pdf,labs_v1
LAB_000586,40316173,CATECOLAMINAS - PESQUISA E/OU DOSAGEM,,Tabela_laboratorios.pdf,labs_v1
LAB_000587,40316181,COMPOSTO S (11-DESOXICORTISOL) - PESQUISA E/OU DOSAGEM,,Tabela_laboratorios.pdf,labs_v1
LAB_000588,40316190,CORTISOL - PESQUISA E/OU DOSAGEM,,Tabela_laboratorios.pdf,labs_v1
LAB_000589,40316203,"CRESCIMENTO, HORMÔNIO DO (HGH) - PESQUISA E/OU DOSAGEM",,Tabela_laboratorios.pdf,labs_v1
LAB_000590,40316211,DEHIDROEPIANDROSTERONA (DHEA) - PESQUISA E/OU DOSAGEM,,Tabela_laboratorios.pdf,labs_v1
LAB_000591,40316220,DEHIDROTESTOSTERONA (DHT) - PESQUISA E/OU DOSAGEM,,Tabela_laboratorios.pdf,labs_v1
LAB_000592,40316238,"DROGAS (IMUNOSSUPRESSORA, ANTICONVULSIVANTE, DIGITÁLICO, ETC) CADA - PESQUISA E/OU DOSAGEM",,Tabela_laboratorios.pdf,labs_v1
LAB_000593,40316246,ESTRADIOL - PESQUISA E/OU DOSAGEM,,Tabela_laboratorios.pdf,labs_v1
LAB_000594,T4U03S1S6 254,ESTRIOL - PESQUISA E/OU DOSAGEM,,Tabela_laboratorios.pdf,labs_v1
LAB_000595,40316262,ESTRONA - PESQUISA E/OU DOSAGEM,,Tabela_laboratorios.pdf,labs_v1
LAB_000596,40316270,FERRITINA - PESQUISA E/OU DOSAGEM,,Tabela_laboratorios.pdf,labs_v1
LAB_000597,40316289,"FOLÍCULO ESTIMULANTE, HORMÔNIO (FSH) - PESQUISA E/OU DOSAGEM",,Tabela_laboratorios.pdf,labs_v1
LAB_000598,40316297,GASTRINA - PESQUISA E/OU DOSAGEM,,Tabela_laboratorios.pdf,labs_v1
LAB_000599,40316300,GLOBULINA DE LIGAÇÃO DE HORMÔNIOS SEXUAIS (SHBG) - PESQUISA E/OU DOSAGEM,,Tabela_laboratorios.pdf,labs_v1
LAB_000600,40316319,GLOBULINA TRANSPORTADORA DA TIROXINA (TBG) - PESQUISA E/OU DOSAGEM,,Tabela_laboratorios.pdf,labs_v1
LAB_000601,40316327,"GONADOTRÓFICO CORIÔNICO, HORMÔNIO (HCG) - PESQUISA E/OU DOSAGEM",,Tabela_laboratorios.pdf,labs_v1
LAB_000602,40316335,HORMÔNIO LUTEINIZANTE (LH) - PESQUISA E/OU DOSAGEM,,Tabela_laboratorios.pdf,labs_v1
LAB_000603,40316343,IMUNOGLOBULINA (IGE) - PESQUISA E/OU DOSAGEM,,Tabela_laboratorios.pdf,labs_v1
LAB_000604,40316351,ÍNDICE DE TIROXINA LIVRE (ITL) - PESQUISA E/OU DOSAGEM,,Tabela_laboratorios.pdf,labs_v1
LAB_000605,40316360,INSULINA - PESQUISA E/OU DOSAGEM,,Tabela_laboratorios.pdf,labs_v1
LAB_000606,40316378,"MARCADORES TUMORAIS (CA 199, CA 125, CA 72-4, CA 15-3, ETC) CADA - PESQUISA E/OU DOSAGEM",,Tabela_laboratorios.pdf,labs_v1
LAB_000607,40316394,PEPTÍDEO C - PESQUISA E/OU DOSAGEM,,Tabela_laboratorios.pdf,labs_v1
LAB_000608,40316408,PROGESTERONA - PESQUISA E/OU DOSAGEM,,Tabela_laboratorios.pdf,labs_v1
LAB_000609,40316416,PROLACTINA - PESQUISA E/OU DOSAGEM,,Tabela_laboratorios.pdf,labs_v1
LAB_000610,40316424,PTH - PESQUISA E/OU DOSAGEM,,Tabela_laboratorios.pdf,labs_v1
LAB_000611,40316432,RENINA - PESQUISA E/OU DOSAGEM,,Tabela_laboratorios.pdf,labs_v1
LAB_000612,40316440,SOMATOMEDINA C (IGF1) - PESQUISA E/OU DOSAGEM,,Tabela_laboratorios.pdf,labs_v1
LAB_000613,40316459,SULFATO DE DEHIDROEPIANDROSTERONA (S-DHEA) - PESQUISA E/OU DOSAGEM,,Tabela_laboratorios.pdf,labs_v1
LAB_000614,40316467,T3 LIVRE - PESQUISA E/OU DOSAGEM,,Tabela_laboratorios.pdf,labs_v1
LAB_000615,40316475,T3 RETENÇÃO - PESQUISA E/OU DOSAGEM,,Tabela_laboratorios.pdf,labs_v1
LAB_000616,40316483,T3 REVERSO - PESQUISA E/OU DOSAGEM,,Tabela_laboratorios.pdf,labs_v1
LAB_000617,40316491,T4 LIVRE - PESQUISA E/OU DOSAGEM,,Tabela_laboratorios.pdf,labs_v1
LAB_000618,40316505,TESTOSTERONA LIVRE - PESQUISA E/OU DOSAGEM,,Tabela_laboratorios.pdf,labs_v1
LAB_000619,40316513,TESTOSTERONA TOTAL - PESQUISA E/OU DOSAGEM,,Tabela_laboratorios.pdf,labs_v1
LAB_000620,40316521,"TIREOESTIMULANTE, HORMÔNIO (TSH) - PESQUISA E/OU DOSAGEM",,Tabela_laboratorios.pdf,labs_v1
LAB_000621,40316530,TIREOGLOBULINA - PESQUISA E/OU DOSAGEM,,Tabela_laboratorios.pdf,labs_v1
LAB_000622,40316548,TIROXINA (T4) - PESQUISA E/OU DOSAGEM,,Tabela_laboratorios.pdf,labs_v1
LAB_000623,40316556,TRIIODOTIRONINA (T3) - PESQUISA E/OU DOSAGEM,,Tabela_laboratorios.pdf,labs_v1
LAB_000624,40316564,VASOPRESSINA (ADH) - PESQUISA E/OU DOSAGEM,,Tabela_laboratorios.pdf,labs_v1
LAB_000625,40316572,VITAMINA B12 - PESQUISA E/OU DOSAGEM,,Tabela_laboratorios.pdf,labs_v1
LAB_000626,40322114,"VANCOMICINA, DOSAGEM",,Tabela_laboratorios.pdf,labs_v1
LAB_000627,40323030,"ACETILCOLINA, ANTICORPOS LIGADOR RECEPTOR",,Tabela_laboratorios.pdf,labs_v1
LAB_000628,40323048,"ACETILCOLINA, ANTICORPOS MODULADOR RECEPTOR",,Tabela_laboratorios.pdf,labs_v1
LAB_000629,40323404,HEPATITE E - IGM/IGG,,Tabela_laboratorios.pdf,labs_v1
LAB_000630,40323897,ANTICORPOS ANTIDIFTERIA,,Tabela_laboratorios.pdf,labs_v1
LAB_000631,40323900,ANTICORPOS ANTITÉTANO,,Tabela_laboratorios.pdf,labs_v1
LAB_000632,40323919,TESTE RÁPIDO PARA DETECÇÃO DE HIV EM GESTANTE,,Tabela_laboratorios.pdf,labs_v1
LAB_000633,40324176,"CHIKUNGUNYA, ANTICORPOS",,Tabela_laboratorios.pdf,labs_v1
LAB_000634,40324192,"ANTÍGENO NS1 DO VÍRUS DA DENGUE, PESQUISA",,Tabela_laboratorios.pdf,labs_v1
LAB_000635,40324559,"DENGUE, ANTICORPOS IgG, SORO (TESTE RÁPIDO)",,Tabela_laboratorios.pdf,labs_v1
LAB_000636,40324567,"DENGUE, ANTICORPOS IgM, SORO (TESTE RÁPIDO)",,Tabela_laboratorios.pdf,labs_v1
