abbreviation,meaning,status,source,version
A/C,VENTILAÇÃO ASSISTIDA CONTROLADA,allowed,siglarario1.pdf,2021
A/C-PV,VENTILAÇÃO ASSISTIDA CONTROLADA A PRESSÃO,allowed,siglarario1.pdf,2021
A/E,A ESCLARECER,allowed,siglarario1.pdf,2021
A/V,ACUIDADE VISUAL,allowed,siglarario1.pdf,2021
A1C,HEMOGLOBINA GLICADA,allowed,siglarario1.pdf,2021
ADA,AMPLITUDE DE ACOMODAÇÃO,allowed,siglarario1.pdf,2021
AAE,ANTÍGENO HBeAg,allowed,siglarario1.pdf,2021
AAU,ANTÍGENO HBsAg,allowed,siglarario1.pdf,2021
AAUR,HBsAg TESTE RÁPIDO,allowed,siglarario1.pdf,2021
AB,TIPO SANGUINEO AB,allowed,siglarario1.pdf,2021
ABD,ABDÔMEN,allowed,siglarario1.pdf,2021
ABO,TIPO SANGUÍNEO,allowed,siglarario1.pdf,2021
AC,AUSCULTA CARDÍACA,allowed,siglarario1.pdf,2021
AC/A,ACOMODAÇÃO CONVERGÊNCIA/ACOMODATIVA,allowed,siglarario1.pdf,2021
ACM,A CRITÉRIO MÉDICO,allowed,siglarario1.pdf,2021
ACP,AUSCULTA CARDIOPULMONAR,allowed,siglarario1.pdf,2021
ACRONN,ASSOCIAÇÃO DE PORTADORES DE DOENÇA DE CROHN E RETOCOLITE DO NORTE-NORDESTE DO BRASIL,allowed,siglarario1.pdf,2021
ACTH,HORMÔNIO ADRENOCORTICOTRÓFICO,allowed,siglarario1.pdf,2021
ACU,ÁCIDO ÚRICO,allowed,siglarario1.pdf,2021
ACV,APARELHO CARDIOVASCULAR,allowed,siglarario1.pdf,2021
ADA,ADENOSINA DEAMINASE,allowed,siglarario1.pdf,2021
ADD,ADIÇÃO,allowed,siglarario1.pdf,2021
ADM,ADMINISTRADOR,allowed,siglarario1.pdf,2021
AE,ÁTRIO ESQUERDO,allowed,siglarario1.pdf,2021
AEM,ALTERAÇÃO ESTRUTURAL MÍNIMA,allowed,siglarario1.pdf,2021
AF,ANGIOGRAFIA COM FLUORESCEÍNA,allowed,siglarario1.pdf,2021
AFF,AUTOFLUORESCÊNCIA DO FUNDO DE OLHO,allowed,siglarario1.pdf,2021
AFP,ALFA FETOPROTEÍNA,allowed,siglarario1.pdf,2021
AGE,ÁCIDOS GRAXOS ESSENCIAIS,allowed,siglarario1.pdf,2021
AHB,ANTI-HBs,allowed,siglarario1.pdf,2021
AHT,AMBOS HEMITÓRAX,allowed,siglarario1.pdf,2021
AIDS,SÍNDROME DA IMUNODEFICIÊNCIA ADQUIRIDA,allowed,siglarario1.pdf,2021
AIH,AUTORIZAÇÃO DE INTERNAÇÃO HOSPITALAR,allowed,siglarario1.pdf,2021
AINE,ANTI-INFLAMATÓRIO NÃO ESTEROIDE,allowed,siglarario1.pdf,2021
AIT,ACIDENTE ISQUÊMICO TRANSITÓRIO,allowed,siglarario1.pdf,2021
AIVD,ATIVIDADE INSTRUMENTAIS DE VIDA DIÁRIA,allowed,siglarario1.pdf,2021
AJ,ALTURA DO JOELHO,allowed,siglarario1.pdf,2021
AL,ANESTESIA LOCAL,allowed,siglarario1.pdf,2021
ALB,ALBUMINA,allowed,siglarario1.pdf,2021
ALT,ALANINA AMINOTRANSFERASE,allowed,siglarario1.pdf,2021
AMAC,ASSOCIAÇÃO MUITO ALÉM DE UM CÂNCER,allowed,siglarario1.pdf,2021
AMF,ADENOSINA MONOFOSFATO,allowed,siglarario1.pdf,2021
AMI,AMILASE,allowed,siglarario1.pdf,2021
AMP.,AMPOLA,allowed,siglarario1.pdf,2021
ANG,ANGIORETINOGRAFIA,allowed,siglarario1.pdf,2021
ANGIORNM,ANGIO RESSONÂNCIA,allowed,siglarario1.pdf,2021
ANTI,HIV I EXAME ANTI VÍRUS DA IMUNODEFICIÊNCIA HUMANA TIPO I,allowed,siglarario1.pdf,2021
ANTI,HIV II EXAME ANTI VÍRUS DA IMUNODEFICIÊNCIA HUMANA TIPO II,allowed,siglarario1.pdf,2021
ANVISA,AGÊNCIA NACIONAL DE VIGILÂNCIA SANITÁRIA,allowed,siglarario1.pdf,2021
AO,AMBOS OS OLHOS,allowed,siglarario1.pdf,2021
AOE,ABERTURA OCULAR ESPONTÂNEA,allowed,siglarario1.pdf,2021
AOI,AMBOS OBLÍQUOS INFERIORES (MÚSCULOS OCULARES),allowed,siglarario1.pdf,2021
AOS,AMBOS OBLÍQUOS SUPERIORES (MÚSCULOS OCULARES),allowed,siglarario1.pdf,2021
AOSEPI,ASSOCIAÇÃO DOS OSTOMIZADOS DO ESTADO DO PIAUI,allowed,siglarario1.pdf,2021
AP,AUSCULTA PUMONAR,allowed,siglarario1.pdf,2021
APAC,AUTORIZAÇÃO PARA PROCEDIMENTOS DE ALTO CUSTO,allowed,siglarario1.pdf,2021
AR,APARELHO RESPIRATÓRIO,allowed,siglarario1.pdf,2021
ARC,CORRESPONDÊNCIA RETIANA NORMAL,allowed,siglarario1.pdf,2021
ARI,AMBOS RETOS SUPERIORES (MÚSCULOS OCULARES),allowed,siglarario1.pdf,2021
ARS,AMBOS RETOS INFERIORES (MÚSCULOS OCULARES),allowed,siglarario1.pdf,2021
ASG-PPP,AVALIAÇÃO SUBJETIVA GLOBAL PRODUZIDA PELO PRÓPRIO PACIENTE,allowed,siglarario1.pdf,2021
ASS.,ASSINATURA,allowed,siglarario1.pdf,2021
AST,ASPARTATO AMINOTRANSFERASE,allowed,siglarario1.pdf,2021
ATB,ANTIBIÓTICO,allowed,siglarario1.pdf,2021
B12,VITAMINA B12,allowed,siglarario1.pdf,2021
B3,BULHA 3,allowed,siglarario1.pdf,2021
BAAR,CULTURA PARA BAAR,allowed,siglarario1.pdf,2021
BAC,BACILOSCOPIA (ESCARRO),allowed,siglarario1.pdf,2021
BAV,BLOQUEIO ATRIOVENTRICULAR,allowed,siglarario1.pdf,2021
BAVT,BLOQUEIO ATRIOVENTRICULAR TOTAL,allowed,siglarario1.pdf,2021
BCD,CULTURA PARA BACILO DIFTÉRICO,allowed,siglarario1.pdf,2021
BCE,BRONCOESPASMO,allowed,siglarario1.pdf,2021
BCP,BRONCOPNEUMONIA,allowed,siglarario1.pdf,2021
BDT,BLUE DYE TEST,allowed,siglarario1.pdf,2021
BE,EXCESSO DE BASE,allowed,siglarario1.pdf,2021
BEG,BOM ESTADO GERAL,allowed,siglarario1.pdf,2021
BH,BALANÇO HÍDRICO,allowed,siglarario1.pdf,2021
BHCG,BETA GONADOTROFINA CORIÔNICA HUMANA,allowed,siglarario1.pdf,2021
BIA,BALÃO INTRA AÓRTICO,allowed,siglarario1.pdf,2021
BIC,BOMBA DE INFUSÃO CONTÍNUA,allowed,siglarario1.pdf,2021
BID,BIOIMPEDÂNCIA,allowed,siglarario1.pdf,2021
BILD,BILIRRUBINA DIRETA,allowed,siglarario1.pdf,2021
BILI,BILIRRUBINA INDIRETA,allowed,siglarario1.pdf,2021
BILT,BILIRRUBINA TOTAL,allowed,siglarario1.pdf,2021
BILTF,BILIRRUBINA TOTAL E FRAÇÕES,allowed,siglarario1.pdf,2021
BIO,OFTALMOSCOPIA INDIRETA BINOCULAR,allowed,siglarario1.pdf,2021
BIPAP,BILEVEL POSITIVE PRESSURE AIRWAY,allowed,siglarario1.pdf,2021
BMF,BUCOMAXILOFACIAL,allowed,siglarario1.pdf,2021
BMM,BLOQUEIO MAXILO -MANDIBULAR,allowed,siglarario1.pdf,2021
BMU,BIOMICROSCOPIA ULTRASSÔNICA,allowed,siglarario1.pdf,2021
BNF,BULHAS NORMOFONÉTICAS,allowed,siglarario1.pdf,2021
BNM,BLOQUEADORES NEUROMUSCULARES,allowed,siglarario1.pdf,2021
BOTC,PESQUISA DE TOXINA BOTULÍNICA,allowed,siglarario1.pdf,2021
BPA,BOLETIM DE PRODUÇÃO AMBULATORIAL,allowed,siglarario1.pdf,2021
BPC,BENEFÍCIO DE PRESTAÇÃO CONTINUADA,allowed,siglarario1.pdf,2021
BPI,BOLETIM DE PRODUÇÃO INDIVIDUAL,allowed,siglarario1.pdf,2021
BPM,BATIMENTO POR MINUTO,allowed,siglarario1.pdf,2021
BR1,PESQUISA DE BAAR,allowed,siglarario1.pdf,2021
BRD,BLOQUEIO DE RAMO DIREITO,allowed,siglarario1.pdf,2021
BSA,BOLSA,allowed,siglarario1.pdf,2021
BUT,TEMPO DE RUPTURA,allowed,siglarario1.pdf,2021
C.O,CENTRO ÓPTICO,allowed,siglarario1.pdf,2021
CA,125 CA 125,allowed,siglarario1.pdf,2021
CA,15.3 CA 15.3,allowed,siglarario1.pdf,2021
CA,19-9 CA 19-9,allowed,siglarario1.pdf,2021
CA,CÂNCER,allowed,siglarario1.pdf,2021
CAAE,CERTIFICADO DE APRECIAÇÃO PARA APROVAÇÃO ÉTICA,allowed,siglarario1.pdf,2021
CAB,CÂNCER BUCAL,allowed,siglarario1.pdf,2021
CAC,CARCINOMA ADENÓIDE CÍSTICO,allowed,siglarario1.pdf,2021
CAD,CIRURGIA DE APARELHO DIGESTIVO,allowed,siglarario1.pdf,2021
CAF,CENTRAL DE ABASTECIMENTO DE FARMÁCIA,allowed,siglarario1.pdf,2021
CAI,CÁLCIO IÔNICO,allowed,siglarario1.pdf,2021
CAM,CAMPANHAS,allowed,siglarario1.pdf,2021
CAP,CIRURGIA CABEÇA E PESCOÇO,allowed,siglarario1.pdf,2021
CAPS,CENTRO DE ATENÇÃO PSICOSSOCIAL,allowed,siglarario1.pdf,2021
CATE,CATETERISMO,allowed,siglarario1.pdf,2021
CAV,COMUNICAÇÃO ATRIOVENTRICULAR,allowed,siglarario1.pdf,2021
CB,CIRCUNFERÊNCIA DO BRAÇO,allowed,siglarario1.pdf,2021
CBC,CARCINOMA BASOCELULAR,allowed,siglarario1.pdf,2021
CC,CENTRO CIRÚRGICO,allowed,siglarario1.pdf,2021
CCA,CENTRO CIRÚRGICO AMBULATORIAL,allowed,siglarario1.pdf,2021
CCC,COLECISTITE CALCULOSA CRÔNICA,allowed,siglarario1.pdf,2021
CCGG,CUIDADOS GERAIS,allowed,siglarario1.pdf,2021
CCIH,COMISSÃO DE CONTROLE DE INFECÇÃO HOSPITALAR,allowed,siglarario1.pdf,2021
CCII,CORNETOS INFERIORES,allowed,siglarario1.pdf,2021
CCL,COMPROMETIMENTO COGNITIVO LEVE,allowed,siglarario1.pdf,2021
CCP,CIRURGIA DE CABEÇA E PESCOÇO,allowed,siglarario1.pdf,2021
CD,CONDUTA,allowed,siglarario1.pdf,2021
CDC,CONSUMO DIÁRIO DE CIGARROS,allowed,siglarario1.pdf,2021
CDIN,COMPLACÊNCIA DINÂMICA,allowed,siglarario1.pdf,2021
CDL,CATETER DUPLO-LÚMEN,allowed,siglarario1.pdf,2021
CE,CORPO ESTRANHO,allowed,siglarario1.pdf,2021
CEA,ANTÍGENO CARCINOEMBRIONÁRIO,allowed,siglarario1.pdf,2021
CEC,CIRCULAÇÃO EXTRACORPÓREA,allowed,siglarario1.pdf,2021
CEIO,CORPO ESTRANHO INTRAOCULAR,allowed,siglarario1.pdf,2021
CEIR,CENTRO INTEGRADO DE REABILITAÇÃO,allowed,siglarario1.pdf,2021
CEO,CENTRO DE ESPECIALIDADES ODONTOLÓGICAS,allowed,siglarario1.pdf,2021
CEP,COMITÊ DE ÉTICA EM PESQUISA,allowed,siglarario1.pdf,2021
CEPC,CARCINOMA ESPINOCELULAR,allowed,siglarario1.pdf,2021
CESC,CARCINOMA ESCAMA-CELULAR,allowed,siglarario1.pdf,2021
CEST,COMPLACÊNCIA ESTÁTICA,allowed,siglarario1.pdf,2021
CFNR,CAMADA DE FIBRAS DA RETINA,allowed,siglarario1.pdf,2021
CFP,CONSELHO REGIONAL DE PSICOLOGIA,allowed,siglarario1.pdf,2021
CGP,COORDENADORIA DE GESTÃO DE PESSOAS,allowed,siglarario1.pdf,2021
CGU,CONTROLADORIA GERAL DA UNIÃO,allowed,siglarario1.pdf,2021
CH,CONCENTRADO DE HEMÁCIAS,allowed,siglarario1.pdf,2021
CHA,SOROLOGIA PARA CHAGAS,allowed,siglarario1.pdf,2021
CHCM,CONCENTRAÇÃO DE HEMOGLOBINA CORPUSCULAR MÉDIA,allowed,siglarario1.pdf,2021
CHIK,SOROLOGIA PARA CHIKUGUNHA,allowed,siglarario1.pdf,2021
CHIP,CHIKUNGUNYA PCR,allowed,siglarario1.pdf,2021
CIA,COMUNICAÇÃO INTRA ATRIAL,allowed,siglarario1.pdf,2021
CID,CLASSIFICAÇÃO INTERNACIONAL DE DOENÇAS,allowed,siglarario1.pdf,2021
CIP,CIRURGIA PLÁSTICA,allowed,siglarario1.pdf,2021
CIPRO,CIPROFLOXACINO,allowed,siglarario1.pdf,2021
CITL,CITOLOGIA DE LÍQUIDOS,allowed,siglarario1.pdf,2021
CIV,COMUNICAÇÃO INTERVENTRICULAR,allowed,siglarario1.pdf,2021
CIVD,COAGULAÇÃO INTRAVASCULAR DISSEMINADA,allowed,siglarario1.pdf,2021
CK,CREATINOFOSFOQUINASE,allowed,siglarario1.pdf,2021
CKMB,CREATINOFOSFOQUINASE FRAÇÃO MB,allowed,siglarario1.pdf,2021
CKMB,FRAÇÃO DA ENZIMA CPK,allowed,siglarario1.pdf,2021
CLEA,CLEARENCE DE CREATININA,allowed,siglarario1.pdf,2021
CLFL,CAPACIDADE DE LIGAÇÃO DO FERRO LIVRE,allowed,siglarario1.pdf,2021
CLFT,CAPACIDADE DE LIGAÇÃO DO FERRO TOTAL,allowed,siglarario1.pdf,2021
CLIN,CLÍNICA,allowed,siglarario1.pdf,2021
CLIMED,CLÍNICA MÉDICA,allowed,siglarario1.pdf,2021
CLO,CLORETOS,allowed,siglarario1.pdf,2021
CLP,COLPOSCOPIA,allowed,siglarario1.pdf,2021
CM,CUIDADOS MÍNIMOS,allowed,siglarario1.pdf,2021
CMIC,CULTURA PARA MICOBACTÉRIA,allowed,siglarario1.pdf,2021
CMIV,CENTRAL DE MISTURAS INTRAVENOSAS,allowed,siglarario1.pdf,2021
CMVG,CITOMEGALOVÍRUS IGG,allowed,siglarario1.pdf,2021
CMVM,CITOMEGALOVÍRUS IGM,allowed,siglarario1.pdf,2021
CMVQ,PESQUISA QUANTITATIVA PARA CITOMEGALOVÍRUS,allowed,siglarario1.pdf,2021
CN,CATETER NASAL,allowed,siglarario1.pdf,2021
CNAF,CATETER NASAL DE ALTO FLUXO,allowed,siglarario1.pdf,2021
COA,COAGULOGRAMA,allowed,siglarario1.pdf,2021
COLANGIORNM,COLANGIORESSONÂNCIA,allowed,siglarario1.pdf,2021
COLONO,COLONOSCOPIA,allowed,siglarario1.pdf,2021
COMEDI,COMISSÃO DE MEDICAMENTOS,allowed,siglarario1.pdf,2021
COMP.,COMPRIMIDO,allowed,siglarario1.pdf,2021
CONAD,CONSELHO NACIONAL ANTIDROGAS,allowed,siglarario1.pdf,2021
CONEP,COMITÊ NACIONAL DE ÉTICA EM PESQUISA,allowed,siglarario1.pdf,2021
CONFEN,CONSELHO FEDERAL DE ENTORPECENTES,allowed,siglarario1.pdf,2021
COREN,CONSELHO REGIONAL DE ENFERMAGEM,allowed,siglarario1.pdf,2021
CONS,CONSULTAR,allowed,siglarario1.pdf,2021
CONV,CONVÊNIO,allowed,siglarario1.pdf,2021
COP,COPROCULTURA,allowed,siglarario1.pdf,2021
COQ,CULTURA PARA BORDETELLA PERTUSSIS,allowed,siglarario1.pdf,2021
COR,CORTISOL,allowed,siglarario1.pdf,2021
CP,CIRCUNFERÊNCIA DA PANTURRILHA,allowed,siglarario1.pdf,2021
CPAP,PRESSÃO POSITIVA CONTINUA NAS VIAS AÉREAS,allowed,siglarario1.pdf,2021
CPF,CADASTRO DE PESSOA FÍSICA,allowed,siglarario1.pdf,2021
CPK,CREATININA FOSFOQUINASE,allowed,siglarario1.pdf,2021
CPM,CONFORME PRESCRIÇÃO MÉDICA,allowed,siglarario1.pdf,2021
CPS,CAPSULOTOMIA A YAG LASER,allowed,siglarario1.pdf,2021
CPT,CAPACIDADE PULMONAR TOTAL,allowed,siglarario1.pdf,2021
CRE,CREATININA,allowed,siglarario1.pdf,2021
CRAS,CENTRO DE REFERÊNCIA DA ASSISTÊNCIA SOCIAL,allowed,siglarario1.pdf,2021
CREAS,CENTRO DE REFERÊNCIA ESPECIALIZADO DA ASSISTÊNCIA SOCIAL,allowed,siglarario1.pdf,2021
CREPEIA,"CENTRO DE REFERÊNCIA EM PESQUISA, INTERVENÇÃO E AVALIAÇÃO EM ÁLCOOL E DROGAS",allowed,siglarario1.pdf,2021
CRESS,CONSELHO REGIONAL DE SERVIÇO SOCIAL,allowed,siglarario1.pdf,2021
CRIE,CENTRO DE REFERÊNCIA DE IMUNOLÓGICOS ESPECIAIS,allowed,siglarario1.pdf,2021
CRF,CAPACIDADE RESIDUAL FUNCIONAL,allowed,siglarario1.pdf,2021
CRN,CONSELHO REGIONAL DE NUTRIÇÃO,allowed,siglarario1.pdf,2021
CRP,CONSELHO REGIONAL DE PSICOLOGIA,allowed,siglarario1.pdf,2021
CRT,CERATOMETRIA,allowed,siglarario1.pdf,2021
CSA,COMUNICAÇÃO SUPLEMENTAR ALTERNATIVA,allowed,siglarario1.pdf,2021
CT,COLESTEROL TOTAL,allowed,siglarario1.pdf,2021
CTA,CENTRO DE TESTAGEM E ACONSELHAMENTO,allowed,siglarario1.pdf,2021
CTBMF,CIRURGIA E TRAUMATOLOGIA BUCO-MAXILO-FACIAL,allowed,siglarario1.pdf,2021
CTI,CATETER TOTALMENTE IMPLANTADO,allowed,siglarario1.pdf,2021
CUBAC,CULTURA PARA BACTÉRIAS,allowed,siglarario1.pdf,2021
CUF,CULTURA PARA FUNGOS,allowed,siglarario1.pdf,2021
CUID,CUIDADO,allowed,siglarario1.pdf,2021
CUTMB,CULTURA DE MATERIAL BIOLÓGICO,allowed,siglarario1.pdf,2021
CUTO,CULTURA DE OROFARINGE,allowed,siglarario1.pdf,2021
CUSU,CULTURA DE SECREÇÃO URETRAL,allowed,siglarario1.pdf,2021
CUSV,CULTURA DE SECREÇÃO VAGINAL,allowed,siglarario1.pdf,2021
CUU,CULTURA DE URINA,allowed,siglarario1.pdf,2021
CV,CAPACIDADE VITAL,allowed,siglarario1.pdf,2021
CVC,CATETER VENOSO CENTRAL,allowed,siglarario1.pdf,2021
CVD,CATETER VENOSO DIREITO,allowed,siglarario1.pdf,2021
CVE,CARDIOVERSÃO ELÉTRICA,allowed,siglarario1.pdf,2021
CVHIV,CARGA VIRAL CD4/CD8,allowed,siglarario1.pdf,2021
CVL,COLECISTECTOMIA VIDEOLAPAROSCÓPICA,allowed,siglarario1.pdf,2021
CX,CIRCUNFLEXA,allowed,siglarario1.pdf,2021
D.V.D,DISTÂNCIA MONO PUPILAR,allowed,siglarario1.pdf,2021
D2,2º DIA DE ADMINISTRAÇÃO,allowed,siglarario1.pdf,2021
DA,DOENÇA DE ALZHEIMER,allowed,siglarario1.pdf,2021
DAOP,DOENÇA ARTERIAL OBSTRUTIVA PERIFÉRICA,allowed,siglarario1.pdf,2021
DBP,DISPLASIA BRONCOPULMONAR,allowed,siglarario1.pdf,2021
DC,DÉBITO CARDÍACO,allowed,siglarario1.pdf,2021
DCJM,"DOENÇA DE CREUTFELDT JACOB, MUTAÇÕES",allowed,siglarario1.pdf,2021
DCJP,"DOENÇA DE CREUTFELDT JACOB, PROTEÍNA",allowed,siglarario1.pdf,2021
DCJPAT,"DOENÇA DE CREUTFELDT JACOB, ANATOMOPATOLÓGICO",allowed,siglarario1.pdf,2021
DD,DECÚBITO DORSAL,allowed,siglarario1.pdf,2021
DDAVP,DESMOPRESSINA,allowed,siglarario1.pdf,2021
DDF,DEFORMIDADE DENTOFACIAL,allowed,siglarario1.pdf,2021
DENG,SOROLOGIA PARA DENGUE IGM,allowed,siglarario1.pdf,2021
DEPO,DEPENDÊNCIA DE OXIGÊNIO,allowed,siglarario1.pdf,2021
DER,DERMATOLOGIA,allowed,siglarario1.pdf,2021
DG,DRÁGEA,allowed,siglarario1.pdf,2021
DHL,DESIDROGENASE LÁTICA,allowed,siglarario1.pdf,2021
DHP,DIETA HIPERPROTEICA,allowed,siglarario1.pdf,2021
DI,DIABETES INSÍPIDOS,allowed,siglarario1.pdf,2021
DIH,DIA DE INTERNAÇÃO HOSPITALAR,allowed,siglarario1.pdf,2021
DIP,DOENÇA INFLAMATÓRIA PÉLVICA,allowed,siglarario1.pdf,2021
DIU,DISPOSITIVO INTRA UTERINO,allowed,siglarario1.pdf,2021
DL,DUPLO LÚMEN,allowed,siglarario1.pdf,2021
DNPF,DESISTIU/ NÃO PAROU DE FUMAR: PARTICIPANTE QUE NÃO INICIOU OU DESISTIU DO PROGRAMA E NÃO PAROU DE FUMAR,allowed,siglarario1.pdf,2021
DPF,DESISTIU/PAROU DE FUMAR: PARTICIPANTE ABSTÊMIO NA 3ª ETAPA DO PROGRAMA QUE COMUNICOU DESISTÊNCIA,allowed,siglarario1.pdf,2021
DPV,DESLOCAMENTO POSTERIOR DO VÍTREO,allowed,siglarario1.pdf,2021
DPVAT,DANOS PESSOAIS CAUSADOS POR VÉICULOS AUTOMOTORES DE VIA TERESTRE,allowed,siglarario1.pdf,2021
DR,DESLOCAMENTO DE RETINA,allowed,siglarario1.pdf,2021
DRA,DRÁGEA,allowed,siglarario1.pdf,2021
DRC,DOENÇA RENAL CRÔNICA,allowed,siglarario1.pdf,2021
DRGE,DOENÇA DO REFLUXO GASTROESOFÁGICO,allowed,siglarario1.pdf,2021
DRR,DESLOCAMENTO DE RETINA REGMATOGÊNICA,allowed,siglarario1.pdf,2021
DRT,DESLOCAMENTO DA RETINA TRADICIONAL,allowed,siglarario1.pdf,2021
DS,DESVIO SEPTAL,allowed,siglarario1.pdf,2021
DT,DRENO DE TÓRAX,allowed,siglarario1.pdf,2021
DTM,DISFUNÇÃO TÊMPORO-MANDIBULAR,allowed,siglarario1.pdf,2021
DV,DECÚBITO VENTRAL,allowed,siglarario1.pdf,2021
DVA,DROGA VASOATIVA,allowed,siglarario1.pdf,2021
DVE,DERIVAÇÃO VENTRICULAR EXTERNA,allowed,siglarario1.pdf,2021
DVL,DISTÂNCIA DA VISÃO DE LONGE,allowed,siglarario1.pdf,2021
DVP,DERIVAÇÃO VENTRICULAR PERITONEAL,allowed,siglarario1.pdf,2021
E.M.,ESCLEROSE MÚLTIPLA,allowed,siglarario1.pdf,2021
E.,COLI ESCHERICHIA COLI,allowed,siglarario1.pdf,2021
EA,EVENTO ADVERSO,allowed,siglarario1.pdf,2021
EAP,EDEMA AGUDO DE PULMÃO,allowed,siglarario1.pdf,2021
EAS,ELEMENTOS ANORMAIS DO SEDIMENTO,allowed,siglarario1.pdf,2021
EBC,EMPRESA BRASIL DE COMUNICAÇÃO S/A,allowed,siglarario1.pdf,2021
ECA,ESTATUTO DA CRIANÇA E DO ADOLESCENTE,allowed,siglarario1.pdf,2021
ECAR,ESCALA DE COMPLEXIDADE ASSISTENCIAL RESPIRATÓRIA,allowed,siglarario1.pdf,2021
ECC,ESPESSURA CENTRAL DA CÓRNEA,allowed,siglarario1.pdf,2021
ECCE,EXTRAÇÃO EXTRA CAPSULAR DA CATARATA,allowed,siglarario1.pdf,2021
ECG,ELETROCARDIOGRAMA,allowed,siglarario1.pdf,2021
ECGL,ESCALA DE COMA DE GLASGOW,allowed,siglarario1.pdf,2021
ECL,ENFERMAGEM CLÍNICA,allowed,siglarario1.pdf,2021
ECO,ECOCARDIOGRAMA/ ECODOPPLERCARDIOGRAMA,allowed,siglarario1.pdf,2021
EDA,ENDOSCOPIA DIGESTIVA ALTA,allowed,siglarario1.pdf,2021
EDTA,ÁCIDO ETILENODIAMINOTETRACÉTICO,allowed,siglarario1.pdf,2021
EEC,ELETROENCEFALOGRAMA,allowed,siglarario1.pdf,2021
EEF,ELETROFISIOLOGIA CLÍNICA INVASIVA,allowed,siglarario1.pdf,2021
EET,ENFERMAGEM EM ESTOMATERAPIA,allowed,siglarario1.pdf,2021
EF,EXAME FÍSICO,allowed,siglarario1.pdf,2021
EGA,ENFERMAGEM EM GASTROENTEROLOGIA,allowed,siglarario1.pdf,2021
EI,ENDOCARDITE INFECCIOSA,allowed,siglarario1.pdf,2021
EIM,ENFERMAGEM IMAGEM MÉTODOS GRÁFICOS,allowed,siglarario1.pdf,2021
EM,ESCLEROSE MÚLTIPLA,allowed,siglarario1.pdf,2021
EMC,EDEMA MACULAR CISTÓIDE,allowed,siglarario1.pdf,2021
EMCS,EDEMA MACULAR CLINICAMENTE SIGNIFICATIVO,allowed,siglarario1.pdf,2021
EMD,EDEMA MACULAR DIABÉTICO,allowed,siglarario1.pdf,2021
EMTN,EQUIPE MULTIDISCIPLINAR DE TERAPIA NUTRICIONAL,allowed,siglarario1.pdf,2021
EN,ESTADO NUTRICIONAL,allowed,siglarario1.pdf,2021
END,ENDOCRINOLOGIA E METABOLOGIA,allowed,siglarario1.pdf,2021
ENG,ENFERMAGEM GINECOLÓGICA,allowed,siglarario1.pdf,2021
ENI,ENDOCRINOLOGIA PEDIÁTRICA,allowed,siglarario1.pdf,2021
ENV,ENVELOPE,allowed,siglarario1.pdf,2021
EOG,ELETROOCULOGRAFIA,allowed,siglarario1.pdf,2021
EP,EMBOLIA PULMONAR,allowed,siglarario1.pdf,2021
EPAP,PRESSÃO POSITIVA EXPIRATÓRIA,allowed,siglarario1.pdf,2021
ERC,ENTEROBACTÉRIAS RESISTENTES A CARBAPENÊMICOS,allowed,siglarario1.pdf,2021
ERG,ELETRORETINOGRAMA,allowed,siglarario1.pdf,2021
ERI,ERITROGRAMA,allowed,siglarario1.pdf,2021
ES,ENTREVISTA SOCIAL,allowed,siglarario1.pdf,2021
ESBL,BACTÉRIA PRODUTORA DE BETALACTAMASE DE ESPECTRO AMPLIADO,allowed,siglarario1.pdf,2021
ESF,ESTRATÉGIA SAÚDE DA FAMÍLIA,allowed,siglarario1.pdf,2021
EST,ESTRADIOL,allowed,siglarario1.pdf,2021
SEU,ENFERMAGEM EM SISTEMA URINÁRIO,allowed,siglarario1.pdf,2021
ETAMB,ETAMBUTOL,allowed,siglarario1.pdf,2021
ETDRS,ESTUDO DO TRATAMENTO PRECOCE DA RETINOPATIA DIABÉTICA,allowed,siglarario1.pdf,2021
ETTG,"ESTIMULAÇÃO TÁTIL, TÉRMICA E GUSTATIVA",allowed,siglarario1.pdf,2021
EV,ENDOVENOSA,allowed,siglarario1.pdf,2021
EVA,ENFERMAGEM CARDIOVASCULAR,allowed,siglarario1.pdf,2021
EXO,EXODONTIA,allowed,siglarario1.pdf,2021
FA,FIBRILAÇÃO ATRIAL,allowed,siglarario1.pdf,2021
FAL,FOSFATASE ALCALINA,allowed,siglarario1.pdf,2021
FALZ,TESTE DE FALCIZAÇÃO,allowed,siglarario1.pdf,2021
FARM,FARMÁCIA,allowed,siglarario1.pdf,2021
FAV,FISTULA ARTERIOVENOSA,allowed,siglarario1.pdf,2021
FC,FREQUÊNCIA CARDÍACA,allowed,siglarario1.pdf,2021
FCL,FOTOCOAGULAÇÃO COM LASER,allowed,siglarario1.pdf,2021
FCMAX,FREQUÊNCIA CARDÍACA MÁXIMA,allowed,siglarario1.pdf,2021
FCO,FRASCO,allowed,siglarario1.pdf,2021
FCREP,FREQUÊNCIA CARDÍACA DE REPOUSO,allowed,siglarario1.pdf,2021
FDF,FISIOTERAPIA DERMATO FUNCIONAL,allowed,siglarario1.pdf,2021
FDI,FARMÁCIA DE DISPENSAÇÃO,allowed,siglarario1.pdf,2021
FE,FRAÇÃO DE EJEÇÃO,allowed,siglarario1.pdf,2021
FEBM,PESQUISA PARA FEBRE MACULOSA,allowed,siglarario1.pdf,2021
FENTA,FENTANILA,allowed,siglarario1.pdf,2021
FER,FERRITINA,allowed,siglarario1.pdf,2021
FEZ,PARASITOLÓGICO DE FEZES,allowed,siglarario1.pdf,2021
FGTS,FUNDO DE GARANTIA POR TEMPO DE SERVIÇO,allowed,siglarario1.pdf,2021
FHP,FARMÁCIA HOSPITALAR,allowed,siglarario1.pdf,2021
FIB,FIBRINOGÊNIO,allowed,siglarario1.pdf,2021
FIE,FOSSA ÍLIACA ESQUERDA,allowed,siglarario1.pdf,2021
FIR,FIXAÇÃO INTERNA RÍGIDA,allowed,siglarario1.pdf,2021
FL,FISSURA LABIAL,allowed,siglarario1.pdf,2021
FLA,FLACONETE,allowed,siglarario1.pdf,2021
FLD,FACE LINGUAL DOS DENTES,allowed,siglarario1.pdf,2021
FLP,FISSURA LABIOPALATINA,allowed,siglarario1.pdf,2021
FM,FORÇA MUSCULAR,allowed,siglarario1.pdf,2021
FMMI,FORÇA MUSCULAR MEMBROS INFERIORES,allowed,siglarario1.pdf,2021
FMMS,FORÇA MUSCULAR MEMBROS SUPERIORES,allowed,siglarario1.pdf,2021
FO,FERIDA OPERATÓRIA,allowed,siglarario1.pdf,2021
FOI,FÍSSURA ORBITAL INFERIOR,allowed,siglarario1.pdf,2021
FOL,ÁCIDO FÓLICO,allowed,siglarario1.pdf,2021
FONO,FONOAUDIÓLOGA,allowed,siglarario1.pdf,2021
FOS,FÓSFORO,allowed,siglarario1.pdf,2021
FOTO,FOTOCOAGULAÇÃO,allowed,siglarario1.pdf,2021
FPD,FACE PALATAL DOS DENTES,allowed,siglarario1.pdf,2021
FPP,FORÇA DE PREENSÃO PALMAR,allowed,siglarario1.pdf,2021
FR,FREQUÊNCIA RESPIRATÓRIA,allowed,siglarario1.pdf,2021
FRA,FRASCO AMPOLA,allowed,siglarario1.pdf,2021
FRC,FREQUÊNCIA CARDÍACA DE RESERVA,allowed,siglarario1.pdf,2021
FS,FICHA SOCIAL,allowed,siglarario1.pdf,2021
FSH,HORMÔNIO FOLÍCULO- ESTIMULANTE,allowed,siglarario1.pdf,2021
FV,FIBRILAÇÃO VENTRICULAR,allowed,siglarario1.pdf,2021
G-,GRAM NEGATIVO,allowed,siglarario1.pdf,2021
G+,GRAM POSITIVO,allowed,siglarario1.pdf,2021
GAA,GASOMETRIA ARTERIAL,allowed,siglarario1.pdf,2021
GASLAC,GASOMETRIA COM LACTATO,allowed,siglarario1.pdf,2021
GASO,GASOMETRIA,allowed,siglarario1.pdf,2021
GASTRO,GASTROENTEROLOGISTA,allowed,siglarario1.pdf,2021
GAV,GASOMETRIA VENOSA,allowed,siglarario1.pdf,2021
GBDN,GRUPO DE BAIXA DEPENDÊNCIA NICOTÍNICA,allowed,siglarario1.pdf,2021
GC,GLICEMIA CAPILAR,allowed,siglarario1.pdf,2021
GD,GERENCIAMENTO EM DEGLUTIÇÃO,allowed,siglarario1.pdf,2021
GED,GESTÃO ELETRÔNICA DE DOCUMENTOS,allowed,siglarario1.pdf,2021
GEDN,GRUPO DE ELEVADA DEPENDÊNCIA NICOTÍNICA,allowed,siglarario1.pdf,2021
GGT,GAMA GLUTAMILTRANSFERASE,allowed,siglarario1.pdf,2021
GI,GRASTROINTESTINAL,allowed,siglarario1.pdf,2021
GINECO,GINECOLOGIA,allowed,siglarario1.pdf,2021
GLI,GLICOSE,allowed,siglarario1.pdf,2021
GPAA,GLAUCOMA PRIMÁRIO DE ÂNGULO ABERTO,allowed,siglarario1.pdf,2021
GPAF,GLAUCOMA PRIMÁRIO DE ÂNGULO FECHADO,allowed,siglarario1.pdf,2021
GPN,GLAUCOMA DE PRESSÃO NORMAL,allowed,siglarario1.pdf,2021
GPP,GLICOSE PÓS PRANDIAL,allowed,siglarario1.pdf,2021
GPPG,GRUPO DE PESQUISA E PÓS-GRADUAÇÃO,allowed,siglarario1.pdf,2021
GT,GRUPO DE TRABALHO,allowed,siglarario1.pdf,2021
GTF,GRUPO DE TERAPIA FUNCIONAL,allowed,siglarario1.pdf,2021
GTS,GOTAS,allowed,siglarario1.pdf,2021
GTS/MIN,GOTAS POR MINUTO,allowed,siglarario1.pdf,2021
GTT,GASTROSTOMIA,allowed,siglarario1.pdf,2021
GUN,GENGIVITE ULCERATIVA NECROZANTE,allowed,siglarario1.pdf,2021
H2O,ÁGUA,allowed,siglarario1.pdf,2021
HAS,HIPERTENSÃO ARTERIAL SISTÊMICA,allowed,siglarario1.pdf,2021
HBCG,ANTI HBC IGG,allowed,siglarario1.pdf,2021
HBCM,ANTI HBC IGM,allowed,siglarario1.pdf,2021
HBE,ANTI HBE,allowed,siglarario1.pdf,2021
HBV,VÍRUS DA HEPATITE B,allowed,siglarario1.pdf,2021
HBVDNA,PESQUISA QUANTITATIVA PARA HEPATITE B,allowed,siglarario1.pdf,2021
HBVQ,HBV-DNA QUANTITATIVO,allowed,siglarario1.pdf,2021
HC,HIPERCALÓRICA,allowed,siglarario1.pdf,2021
HCD,HIPOCÔNDRIO DIREITO,allowed,siglarario1.pdf,2021
HCE,HIPOCÔNDRIO ESQUERDO,allowed,siglarario1.pdf,2021
HCL,ÁCIDO CLORÍDRICO,allowed,siglarario1.pdf,2021
HCM,HEMOGLOBINA CORPUSCULAR MÉDIA,allowed,siglarario1.pdf,2021
HCO3,BICARBONATO DE SÓDIO,allowed,siglarario1.pdf,2021
HCTZ,HIDROCLOROTIAZIDA,allowed,siglarario1.pdf,2021
HCV,VÍRUS DA HEPATITE C,allowed,siglarario1.pdf,2021
HCVG,GENOTIPAGEM DO HCV,allowed,siglarario1.pdf,2021
HCVQ,PESQUISA QUANTITATIVA DO RNA PARA HEPATITE C,allowed,siglarario1.pdf,2021
HCVR,HCV TESTE RÁPIDO,allowed,siglarario1.pdf,2021
HD,HEMODIÁLISE,allowed,siglarario1.pdf,2021
HDB,HEMORRAGIA DIGESTIVA BAIXA,allowed,siglarario1.pdf,2021
HDL,COLESTEROL HDL,allowed,siglarario1.pdf,2021
HDN,HEMODINAMICAMENTE,allowed,siglarario1.pdf,2021
HEM,HEMOGRAMA,allowed,siglarario1.pdf,2021
HEMA,MATERIAL DA LENTE DE CONTATO (HIDROXY-METHYL-METACRYLATE),allowed,siglarario1.pdf,2021
HEMOD,HEMODINÂMICA,allowed,siglarario1.pdf,2021
HF,HEMOFILTRAÇÃO,allowed,siglarario1.pdf,2021
HGT,HEMOGLUCOTESTE,allowed,siglarario1.pdf,2021
HIS,HISTEROSCOPIA,allowed,siglarario1.pdf,2021
HIV,VÍRUS DA IMUNODEFICIÊNCIA HUMANA,allowed,siglarario1.pdf,2021
HIVI,HIV IMUNOBLOT RÁPIDO,allowed,siglarario1.pdf,2021
HIVR,ANTI HIV ½ RÁPIDO,allowed,siglarario1.pdf,2021
HM1,HEMOCULTURA,allowed,siglarario1.pdf,2021
HM,HIGIENE DAS MÃOS,allowed,siglarario1.pdf,2021
HMA,HEMOCULTURA ANAERÓBIOS,allowed,siglarario1.pdf,2021
HMC,HEMOCULTURAS,allowed,siglarario1.pdf,2021
HMD,HEMODIÁLISE,allowed,siglarario1.pdf,2021
HMF,HEMOCULTURA FUNGOS,allowed,siglarario1.pdf,2021
HMG,HEMOGRAMA,allowed,siglarario1.pdf,2021
HNF,HIPERPLASIA NÓDULO FOCAL,allowed,siglarario1.pdf,2021
HO,HIGIENE ORAL,allowed,siglarario1.pdf,2021
HP,HISTÓRIA PREGRESSA,allowed,siglarario1.pdf,2021
HPL,HIPOLIPÍDICA,allowed,siglarario1.pdf,2021
HPMC,MATERIAL COLOIDAL VISCOSA (HIDROXIPROPILMETILCELULOSE),allowed,siglarario1.pdf,2021
HPP,HISTÓRIA PATOLÓGICA PREGRESSA,allowed,siglarario1.pdf,2021
HPS,HIPOSSÓDICA,allowed,siglarario1.pdf,2021
HRR,"TESTE DE VISÃO DE CORES (HERDY, RAND AND RITTEL COLOUR VISION TEST (AO))",allowed,siglarario1.pdf,2021
HRT,TOMOGRAFIA DE RETINA DE HEIDELBERG,allowed,siglarario1.pdf,2021
HSA,HEMORRAGIA SUBARACNÓIDE,allowed,siglarario1.pdf,2021
HSM,HOSPITAL SÃO MARCOS,allowed,siglarario1.pdf,2021
HSV,-1 VÍRUS HERPES SIMPLES TIPO 1,allowed,siglarario1.pdf,2021
HSV,-2 VÍRUS HERPES SIMPLES TIPO 2,allowed,siglarario1.pdf,2021
HT,HEMATÓCRITO,allowed,siglarario1.pdf,2021
HTA,HISTERECTOMIA TOTAL ABDOMINAL,allowed,siglarario1.pdf,2021
HTD,HEMITÓRAX DIREITO,allowed,siglarario1.pdf,2021
HTE,HEMITÓRAX ESQUERDO,allowed,siglarario1.pdf,2021
HTLV,SOROLOGIA PARA HTLV,allowed,siglarario1.pdf,2021
HTLVP,HTLV I E II POR PCR,allowed,siglarario1.pdf,2021
HTO,HIPERTENSÃO OCULAR,allowed,siglarario1.pdf,2021
HTV,HISTERECTOMIA TOTAL VIA VAGINAL,allowed,siglarario1.pdf,2021
HU,HOSPITAL UNIVERSITÁRIO,allowed,siglarario1.pdf,2021
HUT,HOSPITAL DE URGÊNCIA DE TERESINA,allowed,siglarario1.pdf,2021
HV,HIDRATAÇÃO VENOSA,allowed,siglarario1.pdf,2021
HVA,ANTI HVA,allowed,siglarario1.pdf,2021
HCV,HIDRATAÇÃO VENOSA CENTRAL,allowed,siglarario1.pdf,2021
HVE,HIPERTROFIA VENTRICULAR ESQUERDA,allowed,siglarario1.pdf,2021
HVP,HIDRATAÇÃO VENOSA PERIFÉRICA,allowed,siglarario1.pdf,2021
HZO,HERPES-ZÓSTER OFTÁLMICO,allowed,siglarario1.pdf,2021
IAM,INFARTO AGUDO DO MIOCÁRDIO,allowed,siglarario1.pdf,2021
IC,ÍNDICE OU INSUFICIÊNCIA CARDÍACA,allowed,siglarario1.pdf,2021
ICC,INSUFICIÊNCIA CARDÍACA CONGESTIVA,allowed,siglarario1.pdf,2021
ICO,INSUFICIÊNCIA CORONARIANA,allowed,siglarario1.pdf,2021
ID,INTRADÉRMICO,allowed,siglarario1.pdf,2021
IDDSI,INTERNACIONAL DYSPHAGIA DIET STANDARDISATION INITIATIVE,allowed,siglarario1.pdf,2021
IEPR,IMUNOELETROFORESE DE PROTEÍNAS,allowed,siglarario1.pdf,2021
IH,INFECÇÃO HOSPITALAR,allowed,siglarario1.pdf,2021
IM,INTRAMUSCULAR,allowed,siglarario1.pdf,2021
IMC,ÍNDICE DE MASSA CORPORAL,allowed,siglarario1.pdf,2021
IMS,ICU MOBILITY SCALE,allowed,siglarario1.pdf,2021
IN,INALATÓRIA,allowed,siglarario1.pdf,2021
INCA,INSTITUTO NACIONAL DO CÂNCER,allowed,siglarario1.pdf,2021
INFECTO,INFECTOLOGISTA,allowed,siglarario1.pdf,2021
INFLU,PESQUISA DE H1N1/INFLUENZA A,allowed,siglarario1.pdf,2021
INJET,INJETÁVEL,allowed,siglarario1.pdf,2021
INS,INSULINA,allowed,siglarario1.pdf,2021
INSS,INSTITUTO NACIONAL DE SEGURO SOCIAL,allowed,siglarario1.pdf,2021
IOL,LENTE INTRA OCULAR,allowed,siglarario1.pdf,2021
IOT,INTUBAÇÃO OROTRAQUEAL,allowed,siglarario1.pdf,2021
IPAP,PRESSÃO POSITIVA INSPIRATÓRIA,allowed,siglarario1.pdf,2021
IPCSL,INFECÇÃO PRIMÁRIA DE CORRENTE SANGUÍNEA LABORATORIAL,allowed,siglarario1.pdf,2021
IRA,INSUFICIÊNCIA RENAL AGUDA,allowed,siglarario1.pdf,2021
IRAS,INFECÇÕES RELACIONADAS À ASSISTÊNCIA À SAÚDE,allowed,siglarario1.pdf,2021
IRC,INSUFICIÊNCIA RENAL CRÔNICA,allowed,siglarario1.pdf,2021
IRPA,INSUFICIÊNCIA RESPIRATÓRIA AGUDA,allowed,siglarario1.pdf,2021
IRPM,INCURSÕES RESPIRATÓRIAS POR MINUTO,allowed,siglarario1.pdf,2021
ISC,INFECÇÃO DO SÍTIO CIRÚRGICO,allowed,siglarario1.pdf,2021
ITU,INFECÇÃO DO TRATO URINÁRIO,allowed,siglarario1.pdf,2021
IVAS,INFECÇÃO DE VIAS AÉREAS SUPERIORES,allowed,siglarario1.pdf,2021
JJ,JEJUM,allowed,siglarario1.pdf,2021
JJT,JEJUNOSTOMIA,allowed,siglarario1.pdf,2021
KCAL,QUILOCALORIA,allowed,siglarario1.pdf,2021
KCL,CLORETO DE POTÁSSIO,allowed,siglarario1.pdf,2021
KDIGO,KIDNEY DISEASE IMPROVING GLOBAL OUTCOMES,allowed,siglarario1.pdf,2021
KPC,KLEBSIELLA PNEUMONIAE CARBAPENEMASE,allowed,siglarario1.pdf,2021
LAB.,LABORATÓRIO,allowed,siglarario1.pdf,2021
LAC,LUXAÇÃO ACROMIOCLAVICULAR,allowed,siglarario1.pdf,2021
LAI,LEI DE ACESSO À INFORMAÇÃO,allowed,siglarario1.pdf,2021
LASEK,CERATOMILEUSE EPITELIAL A LASER,allowed,siglarario1.pdf,2021
LASIK,CERATOMILEUSE IN SITU A LASER,allowed,siglarario1.pdf,2021
LAT.,LATERAL,allowed,siglarario1.pdf,2021
LC,LENTES DE CONTATO,allowed,siglarario1.pdf,2021
LCR,LÍQUIDO CEFALORRAQUIDIANO,allowed,siglarario1.pdf,2021
LDH,LACTATO DESIDROGENASE,allowed,siglarario1.pdf,2021
LDL,COLESTEROL LDL,allowed,siglarario1.pdf,2021
LEE,PROPOSTO POR THOMAS H. LEE,allowed,siglarario1.pdf,2021
LEISH,LEISHMANIOSE VISCERAL HUMANA,allowed,siglarario1.pdf,2021
LEISHR,TESTE RÁPIDO PARA LEISHMANIOSE,allowed,siglarario1.pdf,2021
LEP,LEPTOSPIROSE,allowed,siglarario1.pdf,2021
LER,LESÃO POR ESFORÇO REPETITIVO,allowed,siglarario1.pdf,2021
LES,LÚPUS ERITEMATOSO SISTÊMICO,allowed,siglarario1.pdf,2021
LEU,LEUCOGRAMA,allowed,siglarario1.pdf,2021
LEUCO,LEUCÓCITOS,allowed,siglarario1.pdf,2021
LF,LÍQUIDO FINO,allowed,siglarario1.pdf,2021
LFD,LINFADENECTOMIA,allowed,siglarario1.pdf,2021
LGPD,LEI GERAL DE PROTEÇÃO DE DADOS PESSOAIS,allowed,siglarario1.pdf,2021
LH,HORMÔNIO LUTEINIZANTE,allowed,siglarario1.pdf,2021
LINF,LINFÓCITOS,allowed,siglarario1.pdf,2021
LIO,LENTE INTRAOCULAR,allowed,siglarario1.pdf,2021
LIOP,LINFOMA INTRAOCULAR PRIMÁRIO,allowed,siglarario1.pdf,2021
LIP,LIPASE,allowed,siglarario1.pdf,2021
LOAS,LEI ORGÂNICA DA ASSISTÊNCIA SOCIAL,allowed,siglarario1.pdf,2021
LOTE,LÚCIDO E ORIENTADO EM TEMPO E ESPAÇO,allowed,siglarario1.pdf,2021
LP,LESÃO POR PRESSÃO,allowed,siglarario1.pdf,2021
LSR,LÍQUIDO SUB-RETINIANO,allowed,siglarario1.pdf,2021
MAE,MEATO ACÚSTICO EXTERNO,allowed,siglarario1.pdf,2021
MAG,MAGNÉSIO,allowed,siglarario1.pdf,2021
MALB,MICROALBUMINÚRIA,allowed,siglarario1.pdf,2021
MAN,MINI AVALIAÇÃO NUTRICIONAL,allowed,siglarario1.pdf,2021
MAPA,MONITORIZAÇÃO AMBULATORIAL DA PRESSÃO ARTERIAL,allowed,siglarario1.pdf,2021
MDA,MANUTENÇÃO/ DESLIGADO POR AUSÊNCIA: PARTICIPANTE DESLIGADO NA 3ª ETAPA DO TRATAMENTO APÓS TER FALTADO INJUSTIFICADAMENTE 2 REUNIÕES CONSECUTIVAS,allowed,siglarario1.pdf,2021
MLI,MEMBRANA LIMITANTE INTERNA,allowed,siglarario1.pdf,2021
MM,MASSA MAGRA,allowed,siglarario1.pdf,2021
MMII,MEMBROS INFERIORES,allowed,siglarario1.pdf,2021
MMSS,MEMBROS SUPERIORES,allowed,siglarario1.pdf,2021
MN,MENTO -NASO,allowed,siglarario1.pdf,2021
MNT,CULTURA DE CONTROLE DE MICOBACTÉRIAS NÃO TUBERCULOSAS,allowed,siglarario1.pdf,2021
MNBZ,MACRONEBULIZAÇÃO,allowed,siglarario1.pdf,2021
MORF,MORFINA,allowed,siglarario1.pdf,2021
MOSMOL,MILIOSMOL,allowed,siglarario1.pdf,2021
MP,MARCAPASSO,allowed,siglarario1.pdf,2021
MPA,MEDICAÇÃO PRÉ ANESTÉSICA,allowed,siglarario1.pdf,2021
MR,MULTIRESISTENTE,allowed,siglarario1.pdf,2021
MRR,MÁSCARA RESPIRATÓRIA RESERVATÓRIO,allowed,siglarario1.pdf,2021
MRSA,STAPHYLOCOCCUS AUREUS RESISTENTE À METICILINA,allowed,siglarario1.pdf,2021
MS,MULTISSENSÍVEL,allowed,siglarario1.pdf,2021
MSD,MEMBRO SUPERIOR DIREITO,allowed,siglarario1.pdf,2021
MSE,MEMBRO SUPERIOR ESQUERDO,allowed,siglarario1.pdf,2021
MT,MEMBRANA TIMPÂNICA,allowed,siglarario1.pdf,2021
MV,MURMÚRIO VESICULAR,allowed,siglarario1.pdf,2021
N/A,NÃO SE APLICA,allowed,siglarario1.pdf,2021
NA,SÓDIO,allowed,siglarario1.pdf,2021
NAI,NERVO ALVEOLAR INFERIOR,allowed,siglarario1.pdf,2021
NASF,NÚCLEO DE APOIO À SAÚDE DA FAMÍLIA,allowed,siglarario1.pdf,2021
NASP,NERVO ALVEOLAR SUPERIOR POSTERIOR,allowed,siglarario1.pdf,2021
NBZ,NEBULIZAÇÃO,allowed,siglarario1.pdf,2021
NDM,NEW-DELHI METALOBETALACTAMASE,allowed,siglarario1.pdf,2021
NE,NUTRIÇÃO ENTERAL,allowed,siglarario1.pdf,2021
NEG,NEGATIVO,allowed,siglarario1.pdf,2021
NEO,NEOPLASIA,allowed,siglarario1.pdf,2021
NF,NOTA FISCAL,allowed,siglarario1.pdf,2021
NI,NERVO INFRAORBITAL,allowed,siglarario1.pdf,2021
NILO,VÍRUS DO NILO OCIDENTAL,allowed,siglarario1.pdf,2021
NIS,NÚCLEO DE IDENTIFICAÇÃO SOCIAL,allowed,siglarario1.pdf,2021
NIT,NÚMERO DE IDENTIFICAÇÃO DO TRABALHADOR,allowed,siglarario1.pdf,2021
NITRO,NITROPRUSSIATO DE SÓDIO,allowed,siglarario1.pdf,2021
NLP,"SEM PERCEPÇÃO DE LUZ ""no light perception""",allowed,siglarario1.pdf,2021
NO,ÓXIDO NÍTRICO,allowed,siglarario1.pdf,2021
NOE,NASO -ORBITO-ETMÓIDAL,allowed,siglarario1.pdf,2021
NOIA,NEUROPATIA ÓPTICA ISQUÊMICA ANTERIOR,allowed,siglarario1.pdf,2021
NORA,NORADRENALINA,allowed,siglarario1.pdf,2021
NPH,NEUTRAL PROTAMINE HAGEDORN,allowed,siglarario1.pdf,2021
NPP,NUTRIÇÃO PARENTERAL PARCIAL,allowed,siglarario1.pdf,2021
NPT,NUTRIÇÃO PARENTERAL TOTAL,allowed,siglarario1.pdf,2021
NR,NÃO REAGENTE,allowed,siglarario1.pdf,2021
NRS,NUTRITIONAL RISK SCREENING,allowed,siglarario1.pdf,2021
NSP,NÚCLEO DE SEGURANÇA DO PACIENTE,allowed,siglarario1.pdf,2021
O2,OXIGÊNIO,allowed,siglarario1.pdf,2021
OACR,OCLUSÃO DA ARTÉRIA CENTRAL DA RETINA,allowed,siglarario1.pdf,2021
OBID,OBSERVATÓRIO BRASILEIRO DE INFORMAÇÕES SOBRE DROGAS,allowed,siglarario1.pdf,2021
OBS.,OBSERVAÇÃO,allowed,siglarario1.pdf,2021
OC,GRAUS CELSIUS,allowed,siglarario1.pdf,2021
OC,OCULAR,allowed,siglarario1.pdf,2021
OCP,OPACIFICAÇÃO CAPSULAR POSTERIOR,allowed,siglarario1.pdf,2021
OCT,TOMOGRAFIA DE COERÊNCIA ÓPTICA,allowed,siglarario1.pdf,2021
OD,OLHO DIREITO,allowed,siglarario1.pdf,2021
OE,OLHO ESQUERDO,allowed,siglarario1.pdf,2021
OFT,OFTÁLMICA,allowed,siglarario1.pdf,2021
OFTALMO,OFTALMOLOGIA,allowed,siglarario1.pdf,2021
OGU,OUVIDORIA GERAL DA UNIÃO,allowed,siglarario1.pdf,2021
OKN,NISTAGMO OPTOCINÉTICO,allowed,siglarario1.pdf,2021
OMC,OTITE MÉDICA CRÔNICA,allowed,siglarario1.pdf,2021
OMS,ORGANIZAÇÃO MUNDIAL DA SAÚDE,allowed,siglarario1.pdf,2021
ONG,ORGANIZAÇÃO NÃO GOVERNAMENTAL,allowed,siglarario1.pdf,2021
OPME,"ÓRTESE, PRÓTESE, MATERIAIS ESPECIAIS",allowed,siglarario1.pdf,2021
OPN,OSSOS PRÓPRIOS DO NARIZ,allowed,siglarario1.pdf,2021
ORAR,OCLUSÃO DE RAMO ARTERIAL RETINIANO,allowed,siglarario1.pdf,2021
ORVR,OCLUSÃO DE RAMO VENOSO RETINIANO,allowed,siglarario1.pdf,2021
OS,ORDEM DE SERVIÇO,allowed,siglarario1.pdf,2021
OSMOL,OSMOLARIDADE,allowed,siglarario1.pdf,2021
OVCR,OCLUSÃO DA VEIA CENTRAL DA RETINA,allowed,siglarario1.pdf,2021
OVR,OCLUSÃO DA VEIA RETINIANA,allowed,siglarario1.pdf,2021
OXA,OXACILINASE,allowed,siglarario1.pdf,2021
P1,POSTO 1,allowed,siglarario1.pdf,2021
P2,POSTO 2,allowed,siglarario1.pdf,2021
P3,POSTO 3,allowed,siglarario1.pdf,2021
P4,POSTO 4,allowed,siglarario1.pdf,2021
PA,PRESSÃO ARTERIAL,allowed,siglarario1.pdf,2021
PAB,PERFURAÇÃO POR ARMA BRANCA,allowed,siglarario1.pdf,2021
PAC,PROCESSO ADMINISTRATIVO DE COMPRAS,allowed,siglarario1.pdf,2021
PAD,PRESSÃO ARTERIAL DIASTÓLICA,allowed,siglarario1.pdf,2021
PAF,PERFURAÇÃO POR ARMA DE FOGO,allowed,siglarario1.pdf,2021
PAI,PRESSÃO ARTERIAL INVASIVA,allowed,siglarario1.pdf,2021
PAM,PRESSÃO ARTERIAL MÉDIA,allowed,siglarario1.pdf,2021
PANI,PRESSÃO ARTERIAL NÃO INVASIVA,allowed,siglarario1.pdf,2021
PAP,PRESSÃO DA ARTÉRIA PULMONAR,allowed,siglarario1.pdf,2021
PARAC,PESQUISA DE PARACOCCIDIOIDOMICOSE,allowed,siglarario1.pdf,2021
PAS,PRESSÃO ARTERIAL SISTÓLICA,allowed,siglarario1.pdf,2021
PAV,PNEUMONIA ASSOCIADA À VENTILAÇÃO,allowed,siglarario1.pdf,2021
PBF,PROGRAMA BOLSA FAMÍLIA,allowed,siglarario1.pdf,2021
PC,PONTO DECENTRAÇÃO,allowed,siglarario1.pdf,2021
PCA,PRANCHA DE COMUNICAÇÃO ALTERNATIVA,allowed,siglarario1.pdf,2021
PCCR,POTENCIAL CORTICAL EVOCADO VISUAL,allowed,siglarario1.pdf,2021
PCD,PESSOA COM DEFICIÊNCIA,allowed,siglarario1.pdf,2021
PCG,GLAUCOMA PRIMÁRIO CONGÊNITO,allowed,siglarario1.pdf,2021
PCI,PREVENÇÃO E CONTROLE DE INFECÇÕES,allowed,siglarario1.pdf,2021
PCNT,PROGRAMA NACIONAL DE CONTROLE DO TABAGISMO,allowed,siglarario1.pdf,2021
PCO2,PRESSÃO PARCIAL DE GÁS CARBÔNICO,allowed,siglarario1.pdf,2021
PCREVB,EPSTEIN BARR VÍRUS POR PCR QUALITATIVO,allowed,siglarario1.pdf,2021
PCT,PREGA TRICIPTAL,allowed,siglarario1.pdf,2021
PCTE,PACIENTE,allowed,siglarario1.pdf,2021
PCV,VENTILAÇÃO COM PRESSÃO CONTROLADA,allowed,siglarario1.pdf,2021
PDA,PLANO DE DADOS ABERTOS,allowed,siglarario1.pdf,2021
PDF,PESQUISA DIRETA PARA FUNGOS,allowed,siglarario1.pdf,2021
PDT,TERAPIA FOTODINÂMICA,allowed,siglarario1.pdf,2021
PE.,POTENCIAL EVOCADO,allowed,siglarario1.pdf,2021
PEEP,PRESSÃO POSITIVA NO FINAL DA EXPIRAÇÃO,allowed,siglarario1.pdf,2021
PEH,PESQUISA DE HEMATOZOÁRIOS,allowed,siglarario1.pdf,2021
PEP,PRONTUÁRIO ELETRÔNICO DO PACIENTE,allowed,siglarario1.pdf,2021
PEV,POTENCIAL EVOCADO VISUAL,allowed,siglarario1.pdf,2021
PF,PESQUISA DE FUNGOS,allowed,siglarario1.pdf,2021
PFT,PICO DE FLUXO DA TOSSE,allowed,siglarario1.pdf,2021
PGRSS,PROGRAMA DE GERENCIAMENTO DE RESÍDUOS DO SERVIÇO DE SAÚDE,allowed,siglarario1.pdf,2021
PH,POTENCIAL DE HIDROGÊNIO,allowed,siglarario1.pdf,2021
PHO,PSICOLOGIA HOSPITALAR,allowed,siglarario1.pdf,2021
PHVSI,HERPES VÍRUS SIMPLES I POR PCR,allowed,siglarario1.pdf,2021
PHVSII,HERPES VÍRUS SIMPLES II POR PCR,allowed,siglarario1.pdf,2021
PI,PIAUÍ,allowed,siglarario1.pdf,2021
PIC,PRESSÃO INTRACRANIANA,allowed,siglarario1.pdf,2021
PICC,CATETER CENTRAL DE INSERÇÃO PERIFÉRICA,allowed,siglarario1.pdf,2021
PIDC,POLIRRADICULONEUROPATIA INFLAMATÓRIA DESMIELINIZANTE CRÔNICA,allowed,siglarario1.pdf,2021
PIO,PRESSÃO INTRAOCULAR,allowed,siglarario1.pdf,2021
PIP,PRESSÃO DE PICO INSPIRATÓRIO,allowed,siglarario1.pdf,2021
PLAQ,PLAQUETAS,allowed,siglarario1.pdf,2021
PLAR,PESQUISA DE LARVAS,allowed,siglarario1.pdf,2021
PLF,PESQUISA DE LEUCÓCITOS FECAIS,allowed,siglarario1.pdf,2021
PM,PRESCRIÇÃO MÉDICA,allowed,siglarario1.pdf,2021
PMAP,PRESSÃO MÉDIA DA ARTÉRIA PULMONAR,allowed,siglarario1.pdf,2021
PMT,PREFEITURA MUNICIPAL DE TERESINA,allowed,siglarario1.pdf,2021
PNAD,POLÍTICA NACIONAL ANTIDROGAS,allowed,siglarario1.pdf,2021
PNH,POLÍTICA NACIONAL DE HUMANIZAÇÃO,allowed,siglarario1.pdf,2021
PNM,PNEUMONIA,allowed,siglarario1.pdf,2021
PNSP,PROGRAMA NACIONAL DE SEGURANÇA DO PACIENTE,allowed,siglarario1.pdf,2021
PO,PÓS-OPERATÓRIO,allowed,siglarario1.pdf,2021
POI,PÓS-OPERATÓRIO IMEDIATO,allowed,siglarario1.pdf,2021
POL,PRONTUÁRIO ONLINE,allowed,siglarario1.pdf,2021
POLI,B POLIMIXINA B,allowed,siglarario1.pdf,2021
POP,PROCEDIMENTO OPERACIONAL PADRÃO,allowed,siglarario1.pdf,2021
POT,PÓS-OPERATÓRIO TARDIO,allowed,siglarario1.pdf,2021
PP,PESO PREDITO,allowed,siglarario1.pdf,2021
PPC,PRESSÃO DE PERFUSÃO CEREBRAL,allowed,siglarario1.pdf,2021
PPD,DERIVADO PROTEICO PURIFICADO (TESTE TUBERCULÍNICO),allowed,siglarario1.pdf,2021
PPR,PRÓTESE PARCIAL REMOVÍVEL,allowed,siglarario1.pdf,2021
PPVV,PREGAS VOCAIS,allowed,siglarario1.pdf,2021
PRESC,PRESCRIÇÃO,allowed,siglarario1.pdf,2021
PRION,DOENÇAS PRIÔNICAS,allowed,siglarario1.pdf,2021
PROG,PROGESTERONA,allowed,siglarario1.pdf,2021
PROTU,PROTEINÚRIA,allowed,siglarario1.pdf,2021
PS,PRESSÃO DE SUPORTE,allowed,siglarario1.pdf,2021
PSA,ANTÍGENO PROSTÁTICO ESPECÍFICO,allowed,siglarario1.pdf,2021
PSAL,ANTÍGENO PROSTÁTICO ESPECÍFICO LIVRE,allowed,siglarario1.pdf,2021
PSAP,PRESSÃO SISTÓLICA DA ARTÉRIA PULMONAR,allowed,siglarario1.pdf,2021
PSAT,ANTÍGENO PROSTÁTICO ESPECÍFICO TOTAL,allowed,siglarario1.pdf,2021
PSB,PROTEÇÃO SOCIAL BÁSICA,allowed,siglarario1.pdf,2021
PSE,PROTEÇÃO SOCIAL ESPECIAL,allowed,siglarario1.pdf,2021
PSO,PESQUISA DE SANGUE OCULTO,allowed,siglarario1.pdf,2021
PSP,PLANO DE SEGURANÇA DO PACIENTE,allowed,siglarario1.pdf,2021
PSV,VENTILAÇÃO COM PRESSÃO DE SUPORTE,allowed,siglarario1.pdf,2021
PTA,PERMANÊNCIA TEMPORÁRIA DE ACOMPANHANTE,allowed,siglarario1.pdf,2021
PTF,PROTEÍNAS TOTAIS E FRAÇÕES,allowed,siglarario1.pdf,2021
PTH,PARATORMÔNIO,allowed,siglarario1.pdf,2021
PTT,PROGRAMA DE TRATAMENTO DO TABAGISMO,allowed,siglarario1.pdf,2021
PTV,PROSTATECTOMIA SUPRA- PÚBICA,allowed,siglarario1.pdf,2021
PUN,PERIODONTITE ULCERATIVA NECROZANTE,allowed,siglarario1.pdf,2021
PVC,PRESSÃO VENOSA CENTRAL,allowed,siglarario1.pdf,2021
PVD,PONTO VISUAL DISTANTE,allowed,siglarario1.pdf,2021
PVL,PONTO VISUAL LONGE,allowed,siglarario1.pdf,2021
PVP,PONTO VISUAL PERTO,allowed,siglarario1.pdf,2021
QO,QUERATOCISTO ODONTOGÊNICO,allowed,siglarario1.pdf,2021
QP,QUEIXA PRINCIPAL,allowed,siglarario1.pdf,2021
QRS,COMPLEXO DO ELETROCARDIOGRAMA,allowed,siglarario1.pdf,2021
QSD,QUADRANTE SUPERIOR DIREITO,allowed,siglarario1.pdf,2021
QSE,QUADRANTE SUPERIOR ESQUERDO,allowed,siglarario1.pdf,2021
QT,QUIMIOTERAPIA,allowed,siglarario1.pdf,2021
QTF,QUESTIONÁRIO DE TOLERÂNCIA DE FAGERSTRÖM,allowed,siglarario1.pdf,2021
QV,QUALIDADE VOCAL,allowed,siglarario1.pdf,2021
QX,QUEIXAS,allowed,siglarario1.pdf,2021
R.I.,RETO INFERIOR (MÚSCULO OCULAR),allowed,siglarario1.pdf,2021
R.L.,RETO LATERAL (MÚSCULO OCULAR),allowed,siglarario1.pdf,2021
R.M.,RETO MEDIAL (MÚSCULO OCULAR),allowed,siglarario1.pdf,2021
R.S.,RETO SUPERIOR (MÚSCULO OCULAR),allowed,siglarario1.pdf,2021
R1,RESIDENTE 1º ANO,allowed,siglarario1.pdf,2021
RFM,RECAÍDA FREQUENTANDO AS MANUTENÇÕES: PARTICIPANTE QUE RECAIU NA 3ª ETAPA DO PROGRAMA.,allowed,siglarario1.pdf,2021
RSFM,MANUTENÇÕES: PARTICIPANTE QUE RECAIU NA 2ª ETAPA DO TRATAMENTO. ORIENTADO A REINICIAR O,allowed,siglarario1.pdf,2021
RUBG,RUBÉOLA IGG,allowed,siglarario1.pdf,2021
RUBM,RUBÉOLA IGM,allowed,siglarario1.pdf,2021
RV,RESPOSTA VERBAL,allowed,siglarario1.pdf,2021
RX,RAIOS X/RADIOGRAFIA,allowed,siglarario1.pdf,2021
S/A,SEM ALTERAÇÃO,allowed,siglarario1.pdf,2021
S/N,SE NECESSÁRIO,allowed,siglarario1.pdf,2021
S/RA,SEM RUÍDOS ADVENTÍCIOS,allowed,siglarario1.pdf,2021
S/S,SEM SOPRO,allowed,siglarario1.pdf,2021
SAHOS,SÍNDROME DE APNÉIA E DA HIPOPNÉIA OBSTRUTIVAS DO SONO,allowed,siglarario1.pdf,2021
SAOS,SÍNDROME DA APNÉIA OBSTRUTIVA DO SONO,allowed,siglarario1.pdf,2021
SAP,SINÉQUIAS ANTERIORES PERIFÉRICAS,allowed,siglarario1.pdf,2021
SAR,SOROLOGIA PARA SARAMPO/RUBÉOLA,allowed,siglarario1.pdf,2021
SC,SUBCUTÂNEA,allowed,siglarario1.pdf,2021
SCA,SÍNDROME CORONARIANA AGUDA,allowed,siglarario1.pdf,2021
SCD,SUBCLÁVIA DIREITA,allowed,siglarario1.pdf,2021
SCE,SUBCLÁVIA ESQUERDA,allowed,siglarario1.pdf,2021
SCFV,SERVIÇO DE CONVIVÊNCIA E FORTALECIMENTO DE VÍNCULOS,allowed,siglarario1.pdf,2021
SCIH,SERVIÇO DE CONTROLE DE INFECÇÃO HOSPITALAR,allowed,siglarario1.pdf,2021
SCV,SISTEMA CARDIOVASCULAR,allowed,siglarario1.pdf,2021
SD,SEM DISCREPÂNCIA,allowed,siglarario1.pdf,2021
SD-OCT,TOMOGRAFIA DE COERÊNCIA ÓPTICA DE DOMÍNIO ESPECTRAL,allowed,siglarario1.pdf,2021
SDRA,SÍNDROME DE DESCONFORTO RESPIRATÓRIO AGUDO,allowed,siglarario1.pdf,2021
SED,SEM EVIDÊNCIA DE DOENÇA,allowed,siglarario1.pdf,2021
SEG,SEGUNDO,allowed,siglarario1.pdf,2021
SEI,SISTEMA ELETRÔNICO DE INFORMAÇÕES,allowed,siglarario1.pdf,2021
SENAD,SECRETARIA NACIONAL ANTIDROGAS,allowed,siglarario1.pdf,2021
SER,SERINGA,allowed,siglarario1.pdf,2021
SF,SORO FISIOLÓGICO/ SOLUÇÃO FISIOLÓGICA,allowed,siglarario1.pdf,2021
SFA,SOROLOGIA PARA FEBRE AMARELA,allowed,siglarario1.pdf,2021
SG,SORO GLICOSADO/SOLUÇÃO GLICOSADA,allowed,siglarario1.pdf,2021
SGB,SÍNDROME DE GUILLAIN-BARRÉ,allowed,siglarario1.pdf,2021
SHV,SOROLOGIA PARA HERPES VIRUS,allowed,siglarario1.pdf,2021
SI,SEMI-INTENSIVO,allowed,siglarario1.pdf,2021
SICAF,SISTEMA DE CADASTRAMENTO DE FORNECEDORES,allowed,siglarario1.pdf,2021
SIDA,SÍNDROME DA IMUNODEFICIÊNCIA ADQUIRIDA HUMANA,allowed,siglarario1.pdf,2021
SIGTAP,SISTEMA DE GERENCIAMENTO DA TABELA DE PROCEDIMENTOS MEDICAMENTOS E OPM,allowed,siglarario1.pdf,2021
SIMV,VENTILAÇÃO MANDATÓRIA INTERMITENTE SINCRONIZADA,allowed,siglarario1.pdf,2021
SIU,SEGUNDO INFORMAÇÕES DO USUÁRIO,allowed,siglarario1.pdf,2021
SL,SUBLINGUAL,allowed,siglarario1.pdf,2021
SM,AUMENTO DO PODER DIOPTRICO (SPECTACLE MAGNIFICATION),allowed,siglarario1.pdf,2021
SMAS,SISTEMA MÚSCULO APONEURÓTICO SUPERFICIAL,allowed,siglarario1.pdf,2021
SN,SE NECESSÁRIO,allowed,siglarario1.pdf,2021
SNC,SISTEMA NERVOSO CENTRAL,allowed,siglarario1.pdf,2021
SNE,SONDA NASOENTERAL,allowed,siglarario1.pdf,2021
SNF,SÍNDROME NEUROINVASIVA: ISOLAMENTO VIRAL EM FEZES,allowed,siglarario1.pdf,2021
SNG,SONDA NASOGÁSTRICA,allowed,siglarario1.pdf,2021
SNLC,SÍNDROME NEUROINVASIVA: PAINEL PARA LCR,allowed,siglarario1.pdf,2021
SNS1,SÍNDROME NEUROINVASIVA: PAINEL PARA 1ª AMOSTRA DE SORO,allowed,siglarario1.pdf,2021
SNS2,SÍNDROME NEUROINVASIVA: PAINEL PARA 2ª AMOSTRA DE SORO,allowed,siglarario1.pdf,2021
SNVR,SÍNDROME NEUROINVASIVA: VÍRUS RESPIRATÓRIOS SWAB,allowed,siglarario1.pdf,2021
SNVS,SISTEMA NACIONAL DE VIGILÂNCIA SANITÁRIA,allowed,siglarario1.pdf,2021
SOE,SONDA OROENTERAL,allowed,siglarario1.pdf,2021
SOG,SONDA OROGÁSTRICA,allowed,siglarario1.pdf,2021
SOL,SOLUÇÃO,allowed,siglarario1.pdf,2021
SP+,SOM PULMONAR PRESENTE,allowed,siglarario1.pdf,2021
SP,SINÉQUIAS POSTERIORES,allowed,siglarario1.pdf,2021
SR,SEM RISCO,allowed,siglarario1.pdf,2021
SRAG,SÍNDROME RESPIRATÓRIA AGUDA GRAVE,allowed,siglarario1.pdf,2021
SRPA,SALA DE RECUPERAÇÃO PÓS-ANESTÉSICA,allowed,siglarario1.pdf,2021
SS,SERVIÇO SOCIAL,allowed,siglarario1.pdf,2021
SSVV,SINAIS VITAIS,allowed,siglarario1.pdf,2021
SUAS,SISTEMA ÚNICO DA ASSISTÊNCIA SOCIAL,allowed,siglarario1.pdf,2021
SUP,SUPOSITÓRIO,allowed,siglarario1.pdf,2021
SUS,SISTEMA ÚNICO DE SAÚDE,allowed,siglarario1.pdf,2021
SVA,SONDAGEM VESICAL DE ALÍVIO,allowed,siglarario1.pdf,2021
SVD,SONDAGEM VESICAL DE DEMORA,allowed,siglarario1.pdf,2021
2T,DOIS TEMPOS,allowed,siglarario1.pdf,2021
T3,TRIIODOTIRONINA,allowed,siglarario1.pdf,2021
T3L,T3 LIVRE,allowed,siglarario1.pdf,2021
T3T,T3 TOTAL,allowed,siglarario1.pdf,2021
T4,TIROXINA,allowed,siglarario1.pdf,2021
T4L,T4 LIVRE,allowed,siglarario1.pdf,2021
T4T,T4 TOTAL,allowed,siglarario1.pdf,2021
TABO,NORMA COMITE DE TÉCNICO ÓPTICO (Technischer Auschuss Fur Brillenoptik),allowed,siglarario1.pdf,2021
TAFH,TROCA DE ACOMPANHANTE FORA DO HORÁRIO,allowed,siglarario1.pdf,2021
TAP,TEMPO DE ATIVIDADE DA PROTROMBINA,allowed,siglarario1.pdf,2021
TAX,TEMPERATURA AXILAR,allowed,siglarario1.pdf,2021
TB,TUBERCULOSE,allowed,siglarario1.pdf,2021
TBG,TABAGISTA,allowed,siglarario1.pdf,2021
TCE,TRAUMATISMO CRANIOENCEFALICO,allowed,siglarario1.pdf,2021
TCLE,TERMO DE CONSENTIMENTO LIVRE E ESCLARECIDO,allowed,siglarario1.pdf,2021
TD,TREINO DE DEGLUTIÇÃO,allowed,siglarario1.pdf,2021
TDNF,TESTE DE DEPENDÊNCIA DE NICOTINA DE FAGERSTROM,allowed,siglarario1.pdf,2021
TE,TÉCNICO EM ENFERMAGEM,allowed,siglarario1.pdf,2021
TEP,TROMBOEMBOLISMO PULMONAR,allowed,siglarario1.pdf,2021
TEST,TESTOSTERONA,allowed,siglarario1.pdf,2021
TEV,TROMBOEMBOLISMO VENOSO,allowed,siglarario1.pdf,2021
TFA,TETO FINANCEIRO DA ASSISTÊNCIA,allowed,siglarario1.pdf,2021
TFD,TRATAMENTO FORA DO DOMICÍLIO,allowed,siglarario1.pdf,2021
TGO,TRANSAMINASE GLUTÂMICO OXALACÉTICA,allowed,siglarario1.pdf,2021
TGP,TRANSAMINASE GLUTAMICO- PIRÚVICA,allowed,siglarario1.pdf,2021
TGI,TRATO GASTROINTESTINAL,allowed,siglarario1.pdf,2021
TGU,TRATO GENITURINÁRIO,allowed,siglarario1.pdf,2021
TI,TECNOLOGIA DA INFORMAÇÃO,allowed,siglarario1.pdf,2021
TIP,TIPAGEM SANGUÍNEA,allowed,siglarario1.pdf,2021
TMI,TREINAMENTO MUSCULAR INSPIRATÓRIO,allowed,siglarario1.pdf,2021
TNO,TERAPIA NUTRICIONAL ORAL,allowed,siglarario1.pdf,2021
TNP,TERAPIA DE NUTRIÇÃO PARENTERAL,allowed,siglarario1.pdf,2021
TO,TONOMETRIA,allowed,siglarario1.pdf,2021
TOA,TUMOR ODONTOGÊNICO ADENOMATÓIDE,allowed,siglarario1.pdf,2021
TOEC,TUMOR ODONTOGÊNICO EPITELIAL CALCIFICANTE,allowed,siglarario1.pdf,2021
TOT,TUBO ORO TRAQUEAL,allowed,siglarario1.pdf,2021
TOXG,TOXOPLASMOSE IGG,allowed,siglarario1.pdf,2021
TOXM,TOXOPLASMOSE IGM,allowed,siglarario1.pdf,2021
TP,TEMPO DE PROTROMBINA,allowed,siglarario1.pdf,2021
TPC,TEMPO ATÉ FUMAR O PRIMEIRO CIGARRO DO DIA,allowed,siglarario1.pdf,2021
TPO,ANTIPEROXIDASE,allowed,siglarario1.pdf,2021
TQS,QUESTIONÁRIO PADRONIZADO SOBRE O TABACO,allowed,siglarario1.pdf,2021
TQT,TRAQUEOSTOMIA,allowed,siglarario1.pdf,2021
TR,TOQUE RETAL,allowed,siglarario1.pdf,2021
TRAF,TRANSFERRINA,allowed,siglarario1.pdf,2021
TRE,TESTE DE RESPIRAÇÃO ESPONTÂNEA,allowed,siglarario1.pdf,2021
TRI,TRIGLICERÍDEOS,allowed,siglarario1.pdf,2021
TRM,TRAUMATISMO RAQUIMEDULAR,allowed,siglarario1.pdf,2021
TRN,TERAPIA DE REPOSIÇÃO DE NICOTINA,allowed,siglarario1.pdf,2021
TROP,TROPONINA I,allowed,siglarario1.pdf,2021
TS,TEMPO DE SANGRAMENTO,allowed,siglarario1.pdf,2021
TSA,TESTE DE SENSIBILIDADE A ANTIBIÓTICOS,allowed,siglarario1.pdf,2021
TSB,TÉCNICO DE SAUDE BUCAL,allowed,siglarario1.pdf,2021
TSC,TONOMETRIA SEM CONTATO,allowed,siglarario1.pdf,2021
TSH,HORMÔNIO TIREOESTIMULANTE,allowed,siglarario1.pdf,2021
TTO,TEMPO DE TRÂNSITO ORAL,allowed,siglarario1.pdf,2021
TTPA,TEMPO DE TROMBOPLASTINA PARCIAL ATIVADO,allowed,siglarario1.pdf,2021
TTT,TRATAMENTO,allowed,siglarario1.pdf,2021
TU,TUMOR,allowed,siglarario1.pdf,2021
TV,TAQUICARDIA VENTRICULAR,allowed,siglarario1.pdf,2021
TVP,TROMBOSE VENOSA PROFUNDA,allowed,siglarario1.pdf,2021
TX,TRANSPLANTE,allowed,siglarario1.pdf,2021
UAA,UVEÍTE ANTERIOR AGUDA,allowed,siglarario1.pdf,2021
UF,ULTRA FILTRAÇÃO,allowed,siglarario1.pdf,2021
UFPI,UNIVERSIDADE FEDERAL DO PIAUÍ,allowed,siglarario1.pdf,2021
UI,UNIDADE INTERNACIONAL,allowed,siglarario1.pdf,2021
UNACON,UNIDADE DE ASSISTÊNCIA DE ALTA COMPLEXIDADE EM ONCOLOGIA,allowed,siglarario1.pdf,2021
UN,ou UNID UNIDADE,allowed,siglarario1.pdf,2021
UPA,UNIDADE DE PRONTO ATENDIMENTO,allowed,siglarario1.pdf,2021
UR,URÉIA,allowed,siglarario1.pdf,2021
URO,UROCULTURA,allowed,siglarario1.pdf,2021
UBS,UNIDADE BÁSICA DE SAÚDE,allowed,siglarario1.pdf,2021
USG,ULTRASSONOGRAFIA,allowed,siglarario1.pdf,2021
UTI,UNIDADE DE TERAPIA INTENSIVA,allowed,siglarario1.pdf,2021
UVS,UNIDADE DE VIGILÂNCIA EM SAÚDE,allowed,siglarario1.pdf,2021
V/Q,VENTILAÇÃO/PERFUSÃO,allowed,siglarario1.pdf,2021
VA,VISITA ABERTA,allowed,siglarario1.pdf,2021
VAA,VIA ALTERNATIVA DE ALIMENTAÇÃO,allowed,siglarario1.pdf,2021
VAC,VOLUME DE AR CORRENTE,allowed,siglarario1.pdf,2021
VANCO,VANCOMICINA,allowed,siglarario1.pdf,2021
VAS,VIAS AÉREAS SUPERIORES,allowed,siglarario1.pdf,2021
VBU,VISÃO BINOCULAR ÚNICA,allowed,siglarario1.pdf,2021
VC,VOLUME CORRENTE,allowed,siglarario1.pdf,2021
VCM,VOLUME CORPUSCULAR MÉDIO,allowed,siglarario1.pdf,2021
VCT,VALOR CALÓRICO TOTAL,allowed,siglarario1.pdf,2021
VCV,VENTILAÇÃO CONTROLADA A VOLUME,allowed,siglarario1.pdf,2021
VD,VENTRÍCULO DIREITO,allowed,siglarario1.pdf,2021
VE,VENTRÍCULO ESQUERDO,allowed,siglarario1.pdf,2021
VEGF,FATOR DE CRESCIMENTO ENDOTELIAL VASCULAR,allowed,siglarario1.pdf,2021
VEI,VISITA ESPECIAL INFANTIL,allowed,siglarario1.pdf,2021
VET,VALOR ENERGÉTICO TOTAL,allowed,siglarario1.pdf,2021
VF,VÁLVULA FONATÓRIA,allowed,siglarario1.pdf,2021
VFD,VEIA FEMORAL DIREITA,allowed,siglarario1.pdf,2021
VFE,VEIA FEMORAL ESQUERDA,allowed,siglarario1.pdf,2021
VFH,VISITA FORA DO HORÁRIO,allowed,siglarario1.pdf,2021
VFI,CAMPIMETRIA,allowed,siglarario1.pdf,2021
VG,VIA GÁSTRICA,allowed,siglarario1.pdf,2021
VHS,VELOCIDADE DE HEMOSSEDIMENTAÇÃO,allowed,siglarario1.pdf,2021
VI,VISÃO INTERMEDIÁRIA,allowed,siglarario1.pdf,2021
VIT-D,VITAMINA D,allowed,siglarario1.pdf,2021
VITA,A VITAMINA A,allowed,siglarario1.pdf,2021
VIRO,PESQUISA DE VIROSES RESPIRATÓRIAS,allowed,siglarario1.pdf,2021
VJ,VIA JEJUNOSTOMIA,allowed,siglarario1.pdf,2021
VJD,VEIA JUGULAR DIREITA,allowed,siglarario1.pdf,2021
VJE,VEIA JUGULAR ESQUERDA,allowed,siglarario1.pdf,2021
VL,VISÃO DE LONGE,allowed,siglarario1.pdf,2021
VLDL,COLESTEROL VLDL,allowed,siglarario1.pdf,2021
VM,VENTILAÇÃO MECÂNICA,allowed,siglarario1.pdf,2021
VMG,VISCEROMEGALIA,allowed,siglarario1.pdf,2021
VNI,VENTILAÇÃO NÃO INVASIVA,allowed,siglarario1.pdf,2021
VO,VIA ORAL,allowed,siglarario1.pdf,2021
VP,VISÃO PRÓXIMA,allowed,siglarario1.pdf,2021
VP.,VISÃO DE PERTO,allowed,siglarario1.pdf,2021
VPA,VICE-PRESIDÊNCIA ADMINISTRATIVA,allowed,siglarario1.pdf,2021
VPP,VENTILAÇÃO POR PRESSÃO,allowed,siglarario1.pdf,2021
VR,VOLUME RESIDUAL,allowed,siglarario1.pdf,2021
VRE,ENTEROCOCCUS RESISTENTE À VANCOMICINA,allowed,siglarario1.pdf,2021
VS,VOLUME SISTÓLICO,allowed,siglarario1.pdf,2021
VSD,VEIA SUBCLÁVIA DIREITA,allowed,siglarario1.pdf,2021
VSE,VEIA SUBCLÁVIA ESQUERDA,allowed,siglarario1.pdf,2021
VT,VOLUME TOTAL,allowed,siglarario1.pdf,2021
VVS,VARIAÇÃO DE VOLUME SISTÓLICO,allowed,siglarario1.pdf,2021
ZAF,ZONA AVASCULAR FOVEAL,allowed,siglarario1.pdf,2021
ZIK,SOROLOGIA PARA ZIKA,allowed,siglarario1.pdf,2021
